NER	;	Label
PMDB	;	ORG
Bolsonaro	;	LOC
Reinaldo	;	PER
Brahma	;	PER
Jones	;	PER
Jornal da Globo	;	MISC
Sírio	;	MISC
Joaquim Barbosa	;	PER
Boechat	;	PER
País	;	LOC
Google	;	ORG
Temer	;	PER
Friboi	;	ORG
Operação Lava Jato	;	MISC
Moro	;	PER
Brasil	;	LOC
Jungmann	;	PER
Lula	;	PER
Brasil	;	LOC
Francisco	;	LOC
Isabella	;	PER
Temer	;	PER
Juru	;	LOC
PT	;	ORG
São Paulo	;	LOC
Voltaire	;	PER
Bruno	;	PER
PMDB	;	ORG
Sul do Brasil	;	LOC
TV Record	;	ORG
... Lula	;	PER
PanAm Post	;	ORG
Getúlio Neto	;	PER
Roberto Marinho	;	PER
Big Brother	;	MISC
Marcela Temer	;	PER
Lula	;	PER
Robocop Gay	;	ORG
Sítio de Atibaia	;	LOC
Reginaldo	;	ORG
Clube Militar	;	LOC
Jailton de Carvalho	;	PER
Lindbergh Farias	;	MISC
Trump	;	PER
Justiça	;	PER
CCJ	;	ORG
Aécio	;	PER
Moro	;	PER
Vocês	;	MISC
Donald Trump	;	PER
Brasil	;	LOC
Calma Zezé	;	PER
Temer	;	PER
European Urology	;	MISC
Valor	;	MISC
Lobão	;	PER
Presidente	;	MISC
Temer	;	PER
José Mujica	;	PER
Desesperada	;	LOC
Temer	;	PER
Polícia Federal	;	LOC
PT	;	ORG
Edir Macedo	;	PER
Vaticano	;	LOC
Estadão	;	ORG
f#@$	;	LOC
Daily Express	;	MISC
R$ 53 mil	;	MISC
Internacional	;	ORG
Chauí	;	ORG
São Paulo	;	LOC
Duque	;	PER
Constituição	;	ORG
Michel	;	PER
Michel	;	PER
Temer	;	MISC
Rocha Loures	;	LOC
Daily Mail	;	PER
PSDB	;	ORG
Rodrigo Rocha Loures	;	PER
Sérgio Cabral	;	PER
Partido dos Trabalhadores	;	ORG
EXTRA	;	ORG
Lava Jato	;	PER
Joesley	;	PER
Exército	;	ORG
LUCAS	;	MISC
Fonte: Correio Brasiliense	;	MISC
MPF	;	MISC
Kim	;	PER
Albert Einstein	;	PER
CHAVES	;	MISC
Temer	;	PER
Brad	;	PER
Assunção	;	LOC
PM	;	LOC
Diário do Poder	;	MISC
MICHEL	;	MISC
Amaggi	;	ORG
Marisa	;	PER
Aécio Neves	;	PER
Assista	;	MISC
Vale	;	LOC
PGR	;	ORG
MPF	;	MISC
Ferreira	;	PER
Rússia	;	LOC
Caetano Veloso	;	PER
Aécio	;	PER
Brasil	;	LOC
Michel Temer	;	PER
Benfica	;	LOC
Aécio Neves	;	PER
Brasil	;	LOC
Justiça	;	LOC
Wood	;	PER
Justiça!	;	ORG
JB	;	LOC
Geddel Vieira Lima	;	PER
Temer	;	PER
Otto Warmbier	;	PER
SERÁ	;	ORG
Rodrigo Pilha	;	PER
Lula	;	PER
PF	;	MISC
TSE	;	ORG
DailyMail	;	MISC
Mantega	;	MISC
PT	;	ORG
Claro	;	ORG
Lava-Jato	;	PER
Londres	;	LOC
Alison	;	PER
Leo Dias	;	PER
Hospital Sírio Libanês	;	LOC
Rocha	;	LOC
Lula	;	PER
Luís Eduardo Magalhães(DEM-BA	;	PER
Mendes	;	LOC
China	;	LOC
Fico	;	PER
Vale	;	LOC
Michel Temer	;	PER
FAB	;	ORG
Senado	;	MISC
Bad Boy?	;	MISC
TSE	;	ORG
Sérgio	;	PER
TSE	;	ORG
Estadão	;	ORG
TSE	;	ORG
Constituição	;	ORG
Estado Islâmico	;	LOC
Luiz Fux	;	PER
Gilmar	;	PER
Tarcisio Vieira de Carvalho Neto	;	PER
Petrobras	;	ORG
Temer	;	MISC
Lauro Jardim	;	PER
Papuda	;	LOC
TSE	;	ORG
Jair Bolsonaro	;	MISC
Coreia	;	LOC
Joesley	;	LOC
Conspiradores	;	LOC
Lula	;	PER
Gazeta	;	LOC
‘João Trabalhador’	;	PER
Veja	;	MISC
Valdarco	;	LOC
Hungria	;	LOC
Ficar preso	;	MISC
Papa!	;	MISC
Brasil	;	LOC
Sérgio Moro	;	PER
JBS	;	ORG
Alexandre Moraes	;	PER
Brasil	;	LOC
Brasil	;	LOC
Vaticano	;	LOC
CNN	;	ORG
Bonner: Boa noite!	;	MISC
Bolsa-Família	;	ORG
Tenho	;	LOC
Clube Militar	;	LOC
Polícia Federal	;	LOC
Brasil	;	LOC
Ministério Público	;	LOC
Assessoria de Imprensa da Prefeitura de São Paulo	;	MISC
Advogado-Geral da União	;	LOC
Bones	;	MISC
A PEC do Senado	;	MISC
Aécio Neves	;	PER
Coreia do Norte	;	LOC
Posto Ipiranga	;	LOC
Eugênio Aragão	;	PER
Jornal Hoje em Dia	;	MISC
em Portugal	;	LOC
Cláudio Humberto	;	PER
Lula	;	PER
CLT	;	MISC
PF	;	LOC
Roberto	;	PER
Lula" Moro	;	PER
Câmara dos Deputados	;	LOC
Polícia Federal	;	LOC
Folha	;	MISC
Cunha	;	LOC
Brasil	;	LOC
JBS	;	ORG
Patrícia Carvalho	;	PER
Brasil	;	LOC
Antagonista	;	MISC
Michel Temer	;	PER
Friboi	;	ORG
Sonhar	;	LOC
Joesley Batista	;	PER
Câmara	;	ORG
Governo	;	LOC
Deus	;	LOC
Antagonista	;	PER
Tasso Jereissati	;	PER
Dilma	;	MISC
Huck	;	PER
CAE	;	ORG
Cristovam Buarque	;	PER
BuzzFeed	;	MISC
Rodrigo Maia	;	PER
PP	;	ORG
Temer	;	PER
Rodrigo Loures	;	PER
MP	;	ORG
Estado	;	LOC
Emirados Árabes	;	LOC
Lula	;	PER
R$	;	PER
TSE	;	ORG
Folha	;	LOC
Fazenda	;	LOC
Presidente da República	;	MISC
Aécio	;	PER
juiz Moro	;	LOC
Facebook	;	MISC
Presidência	;	MISC
Brasil	;	LOC
Forças Armadas	;	ORG
Viva o Edir Macedo	;	MISC
Datena	;	LOC
Joesley Batista	;	PER
ELEITOR!	;	MISC
Brasil	;	LOC
Friboi	;	ORG
presidente da República	;	MISC
R$	;	PER
Aécio Neves	;	PER
Folha	;	LOC
Odebrecht	;	ORG
Gilmar Mendes	;	PER
Veja	;	MISC
JBS-Friboi	;	ORG
Michel Temer	;	PER
Vale	;	LOC
Cármen Lúcia	;	LOC
O Diário do Brasil	;	MISC
EUA	;	LOC
IMEDIATAMENTE	;	LOC
Ahhh	;	LOC
MBL	;	MISC
Justiça	;	PER
Joesley	;	PER
Deus	;	MISC
Aécio	;	PER
Daily Mail	;	PER
Sony	;	ORG
Washington	;	LOC
Kim Jong-un	;	PER
Ata Notarial	;	MISC
Coréia do Norte	;	LOC
Fabio Faria	;	LOC
Marisa Letícia	;	PER
PI	;	MISC
Justiça	;	PER
Rede Sísmica Nacional	;	ORG
Andrade Gutierrez	;	PER
Catedral de Curitiba	;	LOC
Lula	;	PER
Sérgio Moro	;	PER
EUA	;	LOC
Lula	;	PER
Jair Messias Bolsonaro	;	PER
Globo	;	ORG
Sputinik News	;	ORG
Joana	;	PER
Justiça	;	PER
China	;	LOC
Decha	;	MISC
China	;	LOC
Dilma?	;	MISC
Lula	;	PER
Boca Maldita	;	ORG
Governo do Espírito Santo	;	LOC
STF	;	LOC
SundayExpress	;	MISC
KCNA	;	ORG
Leste Europeu	;	LOC
Venezuela	;	LOC
Folha	;	LOC
Trump	;	MISC
B	;	LOC
Guerra da Coréia	;	MISC
NewsAu	;	LOC
Bolsonaro	;	LOC
Moral	;	MISC
Kin Jon-un	;	PER
Palácio do Planalto	;	LOC
Coréia do Norte	;	LOC
Israel	;	LOC
Kim Jon-un	;	PER
CCJ	;	ORG
Coreia do Sul	;	LOC
Dilma	;	PER
Sérgio Moro	;	PER
Uber	;	LOC
Renato Duque	;	PER
The Independent	;	MISC
Coreia do Norte	;	LOC
EUA	;	LOC
Coreia do Norte	;	LOC
G1 Brasília	;	MISC
China	;	LOC
Álcool	;	PER
Coréia do Norte	;	LOC
UTI	;	LOC
Gilmar	;	PER
Brasil	;	LOC
Ministério da Defesa da Rússia	;	MISC
Daily Mail	;	PER
Rússia	;	LOC
EUA	;	LOC
Câmara dos	;	LOC
Estadão	;	PER
Wonsan	;	LOC
C	;	MISC
Norte	;	LOC
PF	;	MISC
Lula da Silva	;	PER
CNN	;	ORG
EUA	;	LOC
US$	;	MISC
Ayman al-Zawahri	;	PER
Wood	;	PER
Polícia Legislativa	;	LOC
Donald Trump	;	PER
Rússia	;	LOC
Pacífico	;	LOC
Sou	;	PER
Andrea	;	PER
PL	;	PER
Renan	;	PER
Paulo	;	PER
Léo:	;	MISC
Impeachment	;	LOC
CNN	;	ORG
Marinha	;	ORG
Lula	;	PER
USS Carl Vinson	;	MISC
Sérgio Moro	;	PER
Bin Laden	;	PER
Hélio	;	PER
EUA	;	LOC
USS Carl Vinson	;	MISC
Lula	;	PER
Estados Unidos	;	LOC
Papa	;	PER
Trump	;	LOC
Diego Amorim	;	LOC
Rodrigo Maia	;	PER
Moscou	;	LOC
Luciana Boiteux	;	PER
Salsicha	;	MISC
Kim	;	PER
Kim Jon-un	;	PER
Trump	;	PER
força nuclear da Coréia do Norte	;	MISC
EUA	;	LOC
Coréia do Norte	;	LOC
EUA	;	LOC
Papelão	;	PER
Coreia	;	LOC
Theresa May	;	PER
EUA	;	LOC
Irã	;	LOC
EUA	;	LOC
Coréia do Norte	;	LOC
Kim Jon-un	;	PER
Angela Merkel	;	PER
Seul	;	LOC
Amanda Nunes Brückner	;	PER
Renato Rovai	;	PER
Segunda Guerra Mundial	;	MISC
Olacyr de Moraes	;	MISC
EUA	;	LOC
Brasília	;	LOC
Kim	;	PER
Antagonista	;	MISC
Daily Mail	;	PER
América	;	LOC
Ucrânia	;	LOC
ISIS	;	MISC
Curitiba	;	LOC
YouTube	;	MISC
Temer	;	PER
Curitiba	;	LOC
ONU	;	ORG
Putin	;	PER
A Lista de Furnas	;	MISC
Globo	;	ORG
Solaris	;	MISC
Kim Jon-un	;	PER
Estados Unidos	;	LOC
Johnson	;	PER
A Terceira Guerra Mundial	;	MISC
Arruda	;	PER
Abreu	;	PER
EUA	;	LOC
Sarkozy	;	PER
Bashar Assad	;	PER
Paraná	;	LOC
Ivanka	;	PER
Dilma Rousseff PODERÁ	;	PER
DONALD TRUMP	;	PER
ONU	;	ORG
Brasil	;	LOC
Rodrigo Constantino	;	PER
STF	;	LOC
Me desculpem	;	MISC
China	;	LOC
Câmara	;	ORG
Antonio Anastasia	;	PER
Correio Braziliense	;	MISC
Tristeza	;	MISC
Marinho	;	PER
Época Expresso	;	PER
Conduta	;	LOC
Hoffmann	;	PER
Fidelix	;	LOC
Brasil	;	LOC
Diego Amorim	;	PER
Justiça	;	ORG
G1 Acre	;	LOC
Zé	;	MISC
Cidade Administrativa de BH	;	LOC
Marcelo	;	MISC
Dunga	;	PER
Lula	;	PER
Mayer	;	PER
Senado	;	MISC
Lava-Jato!	;	MISC
Veja	;	MISC
PP	;	ORG
URGENTE	;	ORG
Guido	;	PER
Mendes	;	LOC
Rossi	;	PER
TV Vila Velha	;	MISC
Polícia Civil de Minas Gerais	;	LOC
Prefeitura de Santo André	;	LOC
Comissão de Transporte da Câmara	;	ORG
CBF	;	ORG
Michel Temer	;	PER
Twitter	;	MISC
Abril	;	PER
IstoÉ	;	MISC
Parabéns	;	PER
Correio Brasiliense	;	MISC
Adelaide	;	LOC
Cunha	;	MISC
PGR	;	ORG
REAÇÃO	;	MISC
Curitiba	;	LOC
de São Paulo	;	LOC
Brasília	;	LOC
Ciro	;	PER
Petrobras	;	ORG
Dia Internacional da Síndrome de Down	;	ORG
Brasil	;	LOC
PDV	;	ORG
Paraná	;	LOC
Sérgio Moro	;	PER
Sergio Moro	;	PER
Dilma	;	PER
Antagonista	;	PER
Operação Lava Jato	;	MISC
BandNews	;	MISC
UOL	;	MISC
Globo News	;	ORG
Dilma	;	PER
Direito Penal	;	LOC
Paulo	;	PER
Saímos	;	PER
Alvorada	;	MISC
Sérgio Moro	;	PER
Luiz Pereira Lima	;	PER
Lula	;	PER
Simples	;	LOC
Segunda Guerra	;	MISC
Steak Bull	;	PER
Embraer	;	ORG
Setores de telefonia	;	MISC
BNDES	;	ORG
Cabral	;	PER
Geraldo Alckmin	;	PER
Ramos	;	PER
Dia da mentira	;	MISC
Ministro da Justiça	;	PER
PF	;	LOC
JBS	;	ORG
LINK	;	LOC
Maurício Lima da Veja	;	PER
Lula	;	PER
Janot	;	PER
Odebrecht	;	LOC
Clique	;	PER
BBC	;	ORG
Sérgio Moro	;	PER
Brasil	;	LOC
Magno	;	PER
EX-MINISTROS	;	MISC
PEC	;	ORG
Santos	;	LOC
Boa Esporte	;	ORG
Congresso	;	LOC
Hitler	;	PER
Segurança \n	;	MISC
Emílio	;	PER
Revista Veja	;	MISC
Petrobras	;	ORG
Dilma	;	PER
Maranhão	;	LOC
Cabral	;	PER
Planalto	;	LOC
Mato Grosso	;	LOC
Boa Esporte	;	ORG
Jornal da Cidade online	;	MISC
Moro	;	PER
Fantasma da Lava-Jato	;	PER
Lula?	;	MISC
Terroristas de la patria	;	MISC
RS	;	LOC
Foco	;	LOC
Procurador Geral da República	;	LOC
Marcelo Odebrecht	;	PER
Exército Brasileiro	;	ORG
Doutor	;	PER
Gleisi	;	LOC
Zona Norte do Rio	;	LOC
Veja	;	MISC
Jovem Pan	;	MISC
The Mirror	;	ORG
PM	;	ORG
Globo	;	ORG
PSDB	;	ORG
Cnet	;	MISC
Juízo	;	PER
Donald Trump	;	PER
Procuradoria da República	;	MISC
Salvador	;	LOC
Retorne	;	PER
PT	;	ORG
Teori	;	PER
João Santana	;	PER
Marcelo Odebrecht	;	PER
Brasil	;	LOC
Palácio do Planalto	;	LOC
Safadeza	;	LOC
Vaccari	;	LOC
Brasil	;	LOC
Globo.com	;	ORG
Lula	;	PER
PT	;	ORG
Jorge Viana	;	PER
Delegacia da Mulher	;	MISC
leia	;	PER
Temer	;	PER
Abraços	;	LOC
Vi	;	MISC
Rússia	;	LOC
Delegacia da Mulher	;	MISC
Rio	;	LOC
Desafio 3k	;	MISC
Odebrecht	;	ORG
Eliseu Padilha	;	PER
Petrobrás	;	ORG
MAU CARÁTER!	;	ORG
Petrobras	;	ORG
Mamonas!	;	MISC
Ministério Público	;	MISC
Pelotas	;	LOC
Dilma	;	MISC
Jovem Pan	;	MISC
Brasil	;	LOC
Califórnia	;	LOC
de São Paulo	;	LOC
DOU	;	ORG
DF	;	LOC
Fahur	;	LOC
Parabéns Eduardo Paes!	;	PER
ESSE	;	MISC
Velloso	;	LOC
Broadcast Político do Estadão	;	LOC
Revista IstoÉ	;	MISC
Operação Lava Jato	;	MISC
Carnaval	;	LOC
PF	;	MISC
PMDB	;	ORG
Lula	;	PER
Ferraço	;	PER
CNN	;	ORG
DEUS ABENÇOE	;	MISC
Bolsonaro	;	LOC
Chico	;	PER
Estado	;	LOC
Ação Penal Privada	;	MISC
Temer	;	PER
Poder Judiciário	;	PER
Bahia	;	LOC
Polícia Federal	;	LOC
Delação do Fim do Mundo	;	MISC
TRF-1	;	MISC
Copa do Mundo	;	MISC
Constituição Federal	;	LOC
Antonio Calloni	;	PER
Câmara	;	ORG
Odebrecht	;	ORG
Vale	;	LOC
Monsanto	;	ORG
Antagonista	;	PER
Câmara	;	LOC
STF	;	LOC
Cunha	;	LOC
Globo News	;	MISC
Pinheiro	;	LOC
UOL	;	MISC
TAM	;	ORG
África Austral	;	LOC
Toffoli	;	LOC
Gabriel Mascarenhas	;	PER
Rio de Janeiro	;	LOC
Paraná Portal	;	ORG
Lula	;	PER
Paraná Portal	;	ORG
Segurança Pública	;	MISC
Chico Buarque	;	PER
Cachoeiro	;	LOC
Prefeitura de Vitória	;	LOC
Congresso	;	LOC
Prefeitura de Vitória	;	LOC
Renan Calheiros	;	PER
Rachel	;	PER
Seguranças	;	PER
UOL	;	MISC
SP	;	LOC
STF	;	LOC
Polícia Federal	;	LOC
Centro Médico da Globo	;	ORG
HindustanTimes	;	MISC
PT	;	ORG
Datafolha	;	LOC
Repórteres	;	PER
Cheguei	;	PER
Sérgio Moro	;	PER
Globo	;	ORG
Tentativa de prender Lula	;	MISC
Marisa!	;	MISC
AVC	;	ORG
LEI	;	MISC
O Patrão	;	MISC
Bolsonaro	;	LOC
Richam Ellakkis	;	MISC
Moreira Franco	;	PER
Lula	;	PER
O Dia	;	MISC
Curitiba	;	LOC
Tribunal de Justiça	;	ORG
Instragram	;	LOC
Instituto Lula	;	ORG
União	;	LOC
Planalto	;	LOC
Meninas do Jô	;	MISC
Veja	;	MISC
Exterior	;	MISC
Marcelo Odebrecht	;	PER
Bangu 9	;	MISC
Estadão	;	ORG
Veja	;	MISC
Jorge Fernando	;	PER
Suprema Corte	;	LOC
Tonico & Tinoco	;	MISC
Mário Sérgio Cortella	;	PER
José Carlos Bumlai	;	PER
Zika	;	PER
Rio	;	LOC
R$	;	LOC
Brito	;	LOC
DP	;	MISC
HS	;	MISC
IstoÉ	;	LOC
IstoÉ	;	MISC
Antônio Pedro	;	PER
Mara	;	ORG
: Tratada	;	MISC
Exterior do México	;	MISC
Lula	;	PER
HS	;	MISC
Mário Sérgio Cortella	;	PER
Belchior	;	PER
PSDB	;	ORG
PF?	;	MISC
R$	;	PER
Eike	;	PER
Hitler	;	PER
Cláudio Melo Filho	;	PER
Daily Mail	;	PER
US$	;	LOC
Lula	;	PER
Marisa	;	PER
IP	;	MISC
Odebrecht	;	LOC
Osmar Rodrigues	;	PER
Lula	;	PER
PP-MAM	;	PER
Operação Lava Jato	;	MISC
Lava Jato	;	MISC
Tropa de Choque	;	MISC
Lula	;	PER
Campo de Marte	;	LOC
Instituto Lula	;	ORG
SP	;	LOC
Deu ruim	;	MISC
Teori Zavascki	;	PER
Paraná Portal	;	ORG
Atibaia	;	LOC
Cenipa	;	LOC
Brasil	;	LOC
MG	;	LOC
Igreja Mundial	;	ORG
GLOBO	;	ORG
Francisco	;	PER
AQUI	;	MISC
Claro	;	ORG
Campo de Marte	;	LOC
King Air	;	ORG
Luís Guilherme Andrade	;	PER
PRSOM	;	ORG
Brasil	;	LOC
Célio	;	PER
Min Carmen Lúcia	;	MISC
SISTEMA	;	ORG
FAB	;	ORG
Globo News	;	ORG
RJ	;	LOC
Lula	;	PER
RJ	;	LOC
Senador	;	LOC
Francisco	;	PER
Tirulipa	;	LOC
Gazeta Mercantil	;	MISC
Globo News	;	MISC
Teori Zavascki	;	PER
Complexo Penitenciária de Caicó	;	LOC
Polícia Militar	;	LOC
leia	;	PER
Deus	;	PER
Jair Bolsonaro	;	PER
apóstolo Valdemiro	;	PER
Obrigado	;	LOC
Kelly	;	PER
Mr	;	MISC
Plano de Segurança	;	MISC
Rubinho	;	PER
Globo News	;	ORG
Iemanjá	;	PER
DH	;	LOC
Vale	;	LOC
Comissão de Direitos Humanos	;	ORG
Globo News	;	ORG
Forças Armadas	;	ORG
Temer	;	MISC
Márcia	;	PER
Secretaria da Segurança Pública de SP	;	MISC
Phil Plait	;	PER
Maduro	;	PER
Hahaha	;	PER
Sertanejo	;	PER
Veja	;	MISC
RJ	;	MISC
PT	;	ORG
Casino	;	PER
Estados Unidos	;	LOC
PT	;	ORG
MPF	;	MISC
Anatel	;	PER
Anatel	;	LOC
Lula	;	PER
Bruce Willis	;	PER
Lula	;	PER
Michel	;	PER
Rio Grande do Norte	;	LOC
Depen	;	ORG
João	;	PER
Guarda Municipal	;	ORG
Augusto Cury	;	PER
Brasil247	;	LOC
Ministério da Saúde	;	LOC
EUA	;	LOC
Preso	;	LOC
Valdemiro	;	LOC
Maranhão	;	LOC
Folha	;	LOC
Dória	;	MISC
leia	;	PER
Richard Vieira Borges	;	PER
ILISP	;	ORG
Jesus	;	PER
Dória	;	PER
Santiago	;	PER
Jonathan	;	PER
Marcelo Lima	;	PER
RJ	;	MISC
Secretário	;	MISC
Serra	;	PER
Época	;	LOC
Globo	;	ORG
Estadão	;	LOC
Alexandre	;	PER
DOU	;	ORG
Lula	;	PER
Valdemiro	;	LOC
Brasil	;	LOC
Pátria do Evangelho	;	MISC
G1	;	MISC
Terra	;	LOC
Roberto Novaes de Andrade	;	PER
Incluído pela Lei	;	MISC
Seap	;	MISC
Aécio Neves	;	PER
Aguiar	;	LOC
Foco	;	LOC
PM	;	ORG
PDT	;	ORG
Constituição	;	ORG
Código de Processo Penal Brasileiro	;	MISC
Búzios	;	LOC
Cabo Frio	;	LOC
Tiririca	;	LOC
Inglaterra	;	LOC
MICHEL	;	MISC
Nova York	;	LOC
Minas Gerais	;	LOC
Facebook	;	MISC
ForaPimentel	;	MISC
Lava Jato	;	MISC
Estado	;	LOC
Brasil	;	LOC
Cultura	;	LOC
Justiça de  São Paulo	;	ORG
DEM	;	ORG
BH	;	ORG
RedeBrasil.net	;	MISC
Caixa	;	ORG
Brasil	;	LOC
Procuradoria Geral de Justiça de Minas Gerais	;	ORG
Rede Globo	;	ORG
Padilha	;	LOC
Padre Léo	;	PER
Kamura	;	MISC
Polícia Federal	;	LOC
Francisco	;	PER
Forças Armadas	;	ORG
Luíz Inácio	;	PER
Brahma	;	PER
Joesley	;	PER
Recife	;	LOC
Lava-Jato	;	ORG
Justiça	;	ORG
Basta	;	PER
Brasil	;	LOC
Rodrigo Janot	;	PER
Tenho	;	PER
TSE	;	ORG
Papa Alexandre VI	;	PER
Blog do Paulinho	;	PER
R$	;	PER
Die Welt	;	ORG
Usina de Belo Monte	;	LOC
PM	;	ORG
José Genoíno	;	PER
PGR	;	ORG
ABSURDA	;	MISC
Igreja	;	ORG
Sérgio Moro	;	PER
Forças Armadas	;	ORG
ABAIXO	;	MISC
http	;	MISC
Brasil	;	LOC
Curitiba	;	LOC
A Justiça	;	MISC
Brasil	;	LOC
Presidente do Senado	;	MISC
Sílvio Santos	;	PER
Ensino Religioso	;	MISC
TSE	;	ORG
Fique	;	PER
Renan	;	PER
Congresso Nacional	;	LOC
Concessões	;	LOC
Odebrecht	;	ORG
PL	;	PER
Suprema	;	LOC
Lula	;	PER
Renan	;	PER
R$	;	PER
Sérgio Moro	;	PER
Q.I. de Jô Soares!	;	MISC
PF	;	LOC
Lula	;	PER
R$	;	PER
Roberto Carlos	;	PER
Tribunal Superior Eleitoral	;	ORG
Acorda Marina Silva	;	PER
Inaldo	;	PER
STF	;	LOC
Deus	;	PER
Temer	;	PER
Sérgio Moro	;	PER
Cláudio Dantas	;	PER
R$ 9,00	;	MISC
Presidente do Senado	;	MISC
Emílio Odebrecht	;	PER
Câmara	;	ORG
Sr. Daniel	;	PER
Leia	;	PER
Valeu STF	;	PER
Criador	;	LOC
Operação Custo Brasil	;	ORG
Dilma	;	PER
Polícia Civil	;	ORG
Lei	;	PER
Nelson Rodrigues	;	PER
Ministra Cármen Lúcia	;	PER
PEC	;	ORG
Odebrecht	;	ORG
Supremo	;	LOC
STF	;	LOC
Olberg	;	PER
Corpo de Bombeiros	;	ORG
Lima	;	LOC
Khusainov	;	PER
Perfeito	;	PER
Lava-Jato	;	ORG
Temer	;	PER
Imagina	;	LOC
Mendes	;	LOC
Moreira Franco	;	PER
Senado Federal	;	MISC
Leonardo de Oliveira Belo	;	PER
Time dos Anjos	;	LOC
COLOMBIA	;	ORG
Sérgio Moro	;	PER
Brasil	;	LOC
PSDB	;	ORG
Claro	;	ORG
britânicoThe Sun	;	ORG
Senado	;	MISC
Sérgio Moro	;	PER
Onix Lorenzoni	;	PER
Deus	;	PER
Justiça e Cidadania	;	MISC
Renan	;	PER
Envie	;	PER
Aécio Neves	;	PER
Temer	;	PER
Bolívia	;	LOC
LAMIA	;	ORG
Weverton Rocha	;	PER
Gisele Arthur	;	PER
Chapecoense	;	ORG
Código Penal de 1940	;	ORG
Câmara dos	;	LOC
Renan Calheiros	;	PER
Justiça	;	LOC
PM	;	ORG
Los Tiempos	;	ORG
Ruschel	;	PER
Deus	;	PER
Correio Brasiliense	;	MISC
Apache	;	MISC
Temer	;	PER
R$	;	PER
Anderson	;	PER
G1	;	MISC
Sérgio Moro	;	PER
Massa News	;	MISC
Polícia Militar	;	LOC
Mário Sérgio	;	PER
Diário do Brasil	;	MISC
Papa	;	PER
Los Angeles	;	LOC
Viva Cuba	;	MISC
Daily	;	MISC
ABRTelecom	;	MISC
Desagradável	;	PER
ABC News	;	ORG
SIM!	;	MISC
Salvador	;	LOC
leia	;	LOC
X.	;	PER
Vossa	;	PER
Odebrecht	;	LOC
Larissa	;	LOC
Câmara	;	ORG
Campelo	;	PER
CIA	;	ORG
Temer	;	PER
Kennedy Alencar	;	PER
Temer	;	PER
Renan	;	PER
Hillary	;	PER
R$ 700 mil	;	MISC
CADEIA NELES	;	MISC
DIS	;	ORG
Antagonista Claúdio Dantas	;	MISC
Brainternet	;	MISC
Batman	;	PER
Petrobras	;	ORG
Daily Mail	;	MISC
Suíno	;	MISC
Ahhh	;	LOC
IG	;	ORG
Eliseu	;	PER
Daily Mail	;	MISC
Justiça	;	PER
Moro!	;	MISC
Batalhão	;	MISC
Linda	;	PER
Tire	;	PER
Ministro da Cultura	;	MISC
Direito	;	PER
URGENTE!	;	MISC
Lula	;	PER
Direitos Humanos	;	MISC
Globo	;	ORG
Brasil	;	LOC
La Vue	;	LOC
São Paulo	;	LOC
Langer	;	PER
Planalto preocupado	;	LOC
Lei de Abuso de Autoridade	;	MISC
URGENTE	;	ORG
Campos dos Goytacazes	;	LOC
Paraná Portal	;	ORG
Exterior	;	MISC
Maurício	;	PER
planeta Terra	;	LOC
Fofocando do SBT	;	MISC
CIA	;	ORG
Viva Sérgio Moro	;	MISC
Rodrigo Maia	;	PER
PF chegar	;	MISC
Brasil	;	LOC
PT	;	ORG
FGV	;	ORG
Fred Trump	;	PER
JN	;	LOC
Lula	;	PER
Donald Trump	;	PER
Teremos	;	MISC
Marrone!	;	MISC
Martinez Mashable	;	PER
Eça de Queiroz	;	PER
Geral	;	LOC
Rússia	;	LOC
Operação Lava Jato	;	MISC
Odebrecht	;	ORG
Petrobras	;	ORG
Brasileiro	;	MISC
Tio da Sukita	;	PER
Sérgio Moro	;	PER
PopLine	;	MISC
Gol	;	ORG
Monica Iozzi	;	MISC
Marcelo	;	MISC
Illuminati	;	ORG
Globo	;	ORG
Antagonista	;	MISC
Elvira Savino	;	PER
Fundação Clinton	;	ORG
Trump	;	PER
Brasil	;	LOC
Brad Pitt	;	PER
Michel Temer	;	PER
Dailystar	;	MISC
Lula	;	PER
Beltrão	;	LOC
Lula	;	PER
PL	;	PER
Medicinal Chemistry Communications	;	MISC
Blog doPaulinho leia	;	MISC
The Sun	;	ORG
‘	;	PER
Transpetro	;	LOC
R$	;	PER
Sou	;	PER
TV Folha	;	MISC
Odebrecht	;	ORG
Dilma	;	MISC
PM	;	LOC
Rússia	;	LOC
Odebrecht	;	ORG
Pequenina	;	LOC
José Mujica	;	PER
Neymar	;	PER
Brasil	;	LOC
Gilmar Mendes	;	PER
Serviço de Radiodifusão da Inglaterra	;	MISC
PDT	;	ORG
Odebrecht	;	LOC
Estado	;	LOC
Roger Staubach Fortuna	;	PER
Polícia Federal	;	LOC
Agência Brasil	;	ORG
Polícia	;	LOC
OTAN	;	ORG
’	;	MISC
Curitiba	;	LOC
Lewinsky	;	PER
Renan Calheiros	;	PER
Presidente da República do Brasil ?!	;	MISC
Ceará	;	LOC
Organização do Tratado do Atlântico Norte	;	ORG
Curitiba	;	LOC
Reinaldo	;	PER
Antagonista	;	MISC
Entendeu Renan	;	PER
Lula	;	PER
Parabéns Ministra	;	PER
Paraná	;	LOC
Vem pra cá O que que	;	MISC
Farei	;	PER
FEVEREIRO	;	MISC
Presidente da República	;	MISC
Dr. Matheus	;	PER
PEC	;	ORG
Lula	;	PER
Marisa	;	PER
SERGIO MORO	;	MISC
Renan Calheiros	;	PER
PF	;	MISC
Curitiba	;	LOC
Twitter	;	MISC
Justiça	;	LOC
Diário do Brasil	;	MISC
Renan	;	PER
Sérgio Moro	;	PER
Lei	;	PER
Lava Jato	;	PER
Lula	;	PER
Temer	;	PER
Luis Cláudio	;	PER
Estados Unidos	;	LOC
Rio de Janeiro	;	LOC
Papa Francisco	;	PER
Passat	;	ORG
Operação Lava Jato	;	MISC
Presidência da República	;	MISC
Cunha	;	LOC
Lula	;	PER
Lei no Brasil	;	MISC
João Santana	;	PER
Conheça	;	PER
Ronaldo	;	PER
Titan	;	LOC
New Times	;	ORG
Rede Globo	;	ORG
UOL	;	MISC
Justiça	;	PER
presidente do Brasil	;	MISC
EUA	;	LOC
Moro	;	PER
Credit Suisse	;	LOC
Deeter	;	PER
Prefeitura de São Paulo	;	LOC
ORCRIM	;	MISC
Record	;	ORG
SATA	;	ORG
Lula	;	PER
Trio Parada Dura	;	MISC
Dilma	;	PER
Civil	;	LOC
Michel Temer	;	PER
Lula	;	PER
Correio Braziliense	;	MISC
Ocidente	;	LOC
Cunha	;	LOC
Cerveró	;	PER
Roberto Carlos	;	PER
Flávio	;	PER
Bispos	;	PER
Valeu Carolina	;	ORG
Operação Alba Branca	;	ORG
Wi-Fi	;	MISC
G1	;	MISC
Diário do Poder	;	MISC
Odebrecht	;	ORG
CEF	;	ORG
Adélia	;	PER
Ivete	;	PER
Estados Unidos	;	LOC
Dudu	;	LOC
Lula	;	PER
Wladmir Putin	;	PER
Malafaia	;	LOC
Prefeitos das Cidades	;	LOC
Navarro	;	LOC
Brasília	;	LOC
Palocci	;	LOC
Delcídio	;	PER
Lula	;	PER
AJUFE	;	ORG
Brasil	;	LOC
Kontic	;	MISC
Dória	;	PER
Dilma Rousseff	;	PER
República	;	LOC
I Feel Like Woman	;	PER
Cristina Kirchner	;	PER
Curitiba	;	LOC
Dilma	;	PER
Mayer	;	PER
Agnaldo	;	PER
Curitiba	;	LOC
AQUI	;	MISC
Organização das Nações Unidas	;	ORG
Folha de SP	;	PER
País	;	LOC
Curitiba	;	LOC
Câmara Federal	;	LOC
Andreza	;	LOC
PT	;	ORG
Babaca	;	LOC
Michel Temer	;	PER
Odebrecht	;	LOC
BNDES	;	MISC
Palocci	;	MISC
Palocci	;	LOC
Plenário do Senado	;	MISC
Odebrecht	;	ORG
Petrobras	;	ORG
BNDES	;	MISC
Eli	;	ORG
Haveria	;	PER
Globo	;	ORG
PF	;	MISC
Renan	;	PER
Resolvi	;	PER
Domingos	;	PER
Dalírio Beber	;	PER
PF	;	PER
José Carlos Bumlai	;	PER
Espanha	;	LOC
Lava Jato	;	PER
Lula	;	PER
Abreu	;	PER
Kim Jon-un	;	PER
Lei Rouanet	;	MISC
Roberto Moreira	;	PER
PT	;	ORG
Michel Temer	;	PER
Angelina	;	PER
Sérgio Moro	;	PER
Avenue Foch	;	LOC
Márcia Fernandes	;	PER
R$	;	PER
R$ 21,00	;	MISC
Código Penal Brasileiro	;	MISC
Eduardo Cunha	;	PER
Lula	;	PER
Lula	;	PER
Brasil	;	LOC
Getúlio	;	PER
Dilma	;	MISC
Nordeste	;	LOC
Lula	;	PER
Justiça Eleitoral	;	ORG
Diário do Brasil	;	MISC
Polícia Militar	;	LOC
Lula	;	PER
Acho	;	PER
Leilane Neubarth	;	PER
IMPORTANTE	;	ORG
Twitter	;	MISC
Danilo	;	PER
Coreia do Norte	;	LOC
CPI"s	;	MISC
Caso Cunha	;	MISC
Nova Ordem Mundial	;	MISC
Lula	;	PER
Cláudia	;	PER
Câmara	;	ORG
Lula	;	PER
Sergio Moro	;	PER
Rio 2016	;	LOC
Alexandre Garcia	;	PER
Lúcio Funaro	;	PER
Antagonista	;	MISC
Família Trapo	;	PER
Consist	;	PER
Leilane	;	PER
Deltan	;	MISC
Justiça	;	LOC
Eduardo Cunha	;	PER
Silvio	;	PER
Marcos Valério	;	PER
Petrobras	;	ORG
Sérgio Moro	;	PER
Partido dos Trabalhadores	;	ORG
Casa Civil	;	LOC
Casa Civil	;	LOC
Psiquiatria!	;	MISC
R$	;	PER
Lula	;	PER
BRASIL	;	LOC
Brasil	;	LOC
Fátima Bernardes	;	PER
Michel	;	PER
Michel	;	PER
Operação Greenfield	;	ORG
Cunha	;	PER
Lula	;	PER
Reverter	;	MISC
Nego	;	LOC
RR Soares	;	PER
Geddel	;	PER
Vanessa Graziotin	;	PER
Gilmar Mendes	;	PER
Lula	;	PER
Sérgio Moro	;	PER
Twitter	;	MISC
Sílvio	;	PER
Clique	;	PER
BNDES	;	ORG
Cunha	;	LOC
Acho	;	PER
ex-Presidente	;	LOC
Lewandowski	;	PER
Silvio	;	PER
Aos 79 anos entrei	;	MISC
Dilma?	;	MISC
Bonner	;	PER
brinquedinho Xing-Ling	;	PER
PF	;	PER
Dilma	;	MISC
Dilma	;	PER
Dilma	;	PER
CUT	;	ORG
William	;	PER
Carmen Lucia	;	PER
Pato Fu ...	;	MISC
Dilma	;	PER
Temer	;	PER
Sindigás	;	PER
Eduardo Cunha	;	PER
Dilma	;	MISC
Barbosa	;	PER
Dilma	;	MISC
Temer	;	PER
Lula	;	PER
Lula	;	PER
Brasil	;	LOC
Dilma Rousseff!	;	MISC
Tietê	;	LOC
Rio Grande do Sul	;	LOC
R$ 184 bilhões	;	MISC
José Genoíno	;	PER
Senado	;	MISC
Fátima	;	PER
Dilma	;	MISC
Tomáz Turbando	;	PER
Lula	;	PER
Dilma Dá	;	MISC
Lula ?!	;	MISC
Calma Lula	;	PER
TV SENADO	;	MISC
Senado	;	MISC
PT	;	ORG
PT	;	ORG
Lewandowski	;	PER
Bonfim	;	PER
Dilma	;	PER
Penitenciário	;	MISC
Dilma	;	MISC
Dilma	;	MISC
Presidente da Suprema	;	MISC
Lula	;	PER
Dilma	;	PER
Dima	;	LOC
Dilma	;	MISC
Senado	;	MISC
O Antagonista	;	MISC
Instituto	;	LOC
STF	;	LOC
Lava-Jato	;	LOC
Lula	;	PER
Brasília	;	LOC
Guarujá-SP	;	LOC
Espanha	;	LOC
Lindbergh	;	PER
Gleisi	;	LOC
Itubaína	;	MISC
Caiado Caiado	;	PER
PT	;	ORG
SETEMBRO	;	LOC
PT	;	ORG
Janot	;	PER
Lula	;	PER
AQUI SOU EU!	;	MISC
Lewandowski	;	PER
Ronaldo Caiado	;	PER
Vanessa	;	PER
Lula	;	PER
Diego Amorim	;	PER
R$	;	PER
Gra Bretanha	;	LOC
África	;	LOC
Eduardo Gonçalves da Veja	;	PER
Bolt	;	PER
Lula	;	PER
Dilma	;	MISC
BRASIL	;	LOC
Diário do Nordeste	;	LOC
Jô	;	MISC
EXTRA	;	ORG
Rio de Janeiro	;	LOC
Lei Complementar	;	PER
Big Brother	;	MISC
BAND	;	ORG
Curitiba	;	LOC
Dilma Rousseff!	;	MISC
Petrobras	;	ORG
Thiago Braz	;	LOC
Fale	;	LOC
Dilma	;	MISC
Luís Cláudio	;	PER
Lula	;	PER
C#	;	MISC
Tiririca	;	LOC
Galvão	;	PER
Aloysio	;	LOC
Aurélio	;	PER
Pokémon Lesa-Pátria	;	MISC
James Feigen	;	PER
Justiça	;	PER
Diário do Brasil	;	MISC
Brasil	;	LOC
Ahhh Lavillenie	;	PER
Batochio	;	LOC
EUA	;	LOC
Constituição	;	ORG
Estado	;	LOC
OBS	;	ORG
Vila Olímpica	;	LOC
R$ 55.000 ?	;	MISC
Thiago	;	ORG
Dilma!	;	MISC
Dilma	;	PER
R$	;	PER
Temer	;	PER
R$	;	PER
leia	;	PER
Bruno Cassali	;	PER
Lula	;	PER
Língua Portuguesa	;	MISC
Curitiba	;	LOC
Dilma	;	PER
PT	;	ORG
Brasil	;	LOC
Caetano	;	PER
Lula	;	PER
Câmara dos Deputados	;	LOC
Ricardo Lewandowski	;	PER
US$	;	PER
Lula	;	PER
Dilma	;	MISC
OGlobo	;	MISC
Dias Toffoli	;	PER
Luis Cláudio	;	PER
Faustão	;	PER
FHC	;	PER
Sílvio Luiz	;	PER
Santiago	;	PER
Cunha	;	LOC
Felipe Moura	;	PER
Rogério Micale	;	PER
Sandra Pêra	;	PER
Xuxa	;	PER
FORA DILMA!	;	MISC
Portal Manchette	;	MISC
Olimpíada da Era Moderna	;	MISC
Joaquim Barongeno	;	PER
Lava-Jato	;	MISC
Roberto Veloso	;	PER
Lee	;	PER
Olimpíadas	;	MISC
Operação Lava-Jato	;	MISC
Jornal Globo/ Extra	;	MISC
Lei	;	MISC
SP	;	LOC
Moro	;	PER
Supremo	;	LOC
Rio	;	LOC
Dilma	;	PER
Juiz	;	LOC
Petralha	;	MISC
Michel Temer	;	PER
Instituto Politécnico Nacional do México	;	ORG
Fora Temer!	;	MISC
PT	;	ORG
Alexandre de Moraes	;	PER
URGENTE	;	LOC
Fernanda	;	PER
Rattata	;	ORG
Michel Temer	;	PER
Lula da Silva	;	PER
Presidência da República	;	MISC
Polícia Federal	;	LOC
Mestre Lula	;	PER
Lindbergh	;	PER
STF	;	LOC
Lula	;	PER
China	;	LOC
Secretaria	;	MISC
Mônica Bérgamo	;	PER
Adrielli Conti	;	PER
Cuba	;	LOC
PT	;	ORG
Itália	;	LOC
Michel	;	PER
Rio de Janeiro	;	LOC
Lava Jato	;	MISC
Elvira Savino	;	PER
Dilma	;	PER
Fernando Bittar	;	PER
Josias	;	PER
Judiciário	;	LOC
País	;	LOC
Lula	;	PER
Reuters	;	ORG
José Mauro	;	PER
Christine	;	LOC
HISTÓRIA DESTE PAÍS!	;	MISC
DENÚNCIA	;	MISC
Silva	;	PER
Lula	;	PER
Lava Jato	;	MISC
Dilma Rousseff	;	PER
Moro	;	PER
Polícia Federal	;	LOC
JULHO	;	MISC
Marinha	;	ORG
Paes	;	PER
Valor	;	MISC
América	;	LOC
TASER	;	MISC
Afrodite Zegers	;	PER
Esplanada	;	LOC
Comitê Organizador	;	ORG
Rio 2016	;	LOC
Forças Armadas	;	ORG
Austrália	;	LOC
Rio	;	LOC
Lula	;	PER
NBA	;	ORG
Adorei	;	LOC
Digo	;	LOC
Dilma	;	PER
Dilma	;	PER
Globo	;	ORG
Vila olímpica	;	ORG
Maia	;	PER
Bahia	;	LOC
Operação Lava Jato	;	MISC
Supremo	;	LOC
Nelly	;	PER
leia	;	LOC
Austrália	;	LOC
UOL	;	MISC
Rio	;	LOC
PGR	;	ORG
Ministério da Saúde	;	LOC
R$ 10,00	;	MISC
Curitiba	;	LOC
Estado	;	LOC
Moro	;	ORG
Brasil	;	LOC
Rogério Faria da Silva	;	PER
PF	;	LOC
Esmola de Estado	;	ORG
Brasil	;	LOC
União	;	LOC
Genial	;	MISC
Maria do Rosário	;	PER
Duran	;	ORG
Jair Bolsonaro	;	PER
Força Nacional	;	ORG
Lava-Jato	;	PER
Sérgio Moro	;	PER
ILISP	;	LOC
Nova York	;	LOC
Apyus	;	PER
Ratinho	;	PER
Presidenta da República	;	LOC
Lula	;	PER
Corpo de Bombeiros	;	ORG
Hospital das Forças Armadas	;	LOC
Rio de Janeiro	;	LOC
R$	;	PER
Turquia	;	LOC
Rio na Favela da Maré	;	LOC
Revista ISTOÉ	;	MISC
CRIMES COMUNS	;	MISC
OMS	;	ORG
EUA	;	LOC
Bíblia	;	MISC
presidente Erdogan	;	PER
Michel Temer	;	PER
Lírio	;	PER
Porto Alegre	;	LOC
MS	;	LOC
GENTE IA CITANDO NÚMERO	;	MISC
Lulinha	;	PER
Felipe	;	PER
PT	;	ORG
PEC	;	ORG
Carmen Lucia	;	MISC
República	;	LOC
Cristo	;	PER
Ucho	;	LOC
Tamo	;	ORG
Dilma	;	PER
Ana Maria	;	PER
Sérgio Moro	;	PER
Sérgio Moro	;	PER
Dilma!	;	MISC
Sérgio Moro	;	PER
Receita Federal	;	LOC
Brasil	;	LOC
Traumann	;	PER
Rosso	;	PER
Senado	;	MISC
STF	;	LOC
Louro José	;	PER
R$	;	PER
Porto Alegre	;	LOC
Heraldo	;	PER
Temer	;	PER
Araújo	;	PER
Roberta	;	PER
Lewandowski	;	PER
Lula	;	PER
Corrêa	;	LOC
Planalto	;	LOC
Fernando Henrique	;	PER
Bolsonaro	;	LOC
Maranhão	;	LOC
Barba Iscariotes	;	PER
Transparência	;	LOC
PC	;	MISC
US$	;	PER
Rolex	;	MISC
Obrigado!	;	MISC
Coreia do Sul	;	LOC
Determinei	;	PER
Patrícia Carvalho de Brasília	;	MISC
Michel	;	PER
Petrobrás	;	ORG
Pega	;	LOC
Ministério da Cultura	;	MISC
Constituição Federal	;	ORG
Dallagnol	;	MISC
São Paulo	;	LOC
Determinei	;	PER
Procuradoria Geral da República	;	ORG
Machado-Joseph	;	LOC
Dilma Rousseff	;	PER
Porto de Mariel	;	LOC
UOL	;	MISC
Atibaia	;	LOC
Dilma	;	MISC
Felipe Heiderich	;	PER
JBS	;	ORG
JUSTIÇA	;	MISC
Glauber Braga	;	PER
Decreto 6.514/2008	;	MISC
Papuda	;	LOC
Sem canal de TV	;	MISC
Dilma!	;	MISC
Porto Alegre	;	LOC
Atibaia	;	LOC
Secretaria Especial da Agricultura Familiar e Desenvolvimento Agrário	;	MISC
Espanha	;	LOC
País	;	LOC
Bolsonaro	;	LOC
Corte	;	LOC
Detran de Goiás	;	LOC
Cunha	;	LOC
Marco	;	PER
Brasil	;	LOC
Goianésia	;	LOC
Kajuru	;	PER
UOL	;	MISC
Dilma!	;	MISC
Américas	;	LOC
São Paulo	;	LOC
Dilma	;	PER
Companheiro	;	MISC
Ceticismo Político	;	MISC
Revista Veja	;	MISC
Lírio Parisotto	;	PER
Dona Dilma	;	PER
Wladimir	;	PER
Luiza	;	PER
Alexandre Frota	;	PER
Banco Santander	;	ORG
Estados Unidos	;	LOC
Resguardo	;	PER
Dona Dilma	;	PER
Dias Toffoli	;	PER
Cavalinho	;	PER
Queiroz Galvão	;	PER
STF	;	LOC
Dilma	;	MISC
Mello	;	PER
Porchat	;	PER
Moka	;	PER
Brasil	;	LOC
GibaUm	;	MISC
STF	;	LOC
Dona Gleisi	;	LOC
João Vaccari Neto	;	PER
d"água	;	PER
Gleisi	;	LOC
Polícia Federal	;	LOC
Sérgio Moro	;	PER
Verdade Política	;	MISC
Celso Daniel	;	PER
Brasil	;	LOC
Blasting News	;	MISC
R$ 3,00	;	MISC
Guilherme Gonçalves	;	PER
Felipe Moura Brasil	;	PER
Dilma	;	MISC
Mônica Santana	;	PER
Cerveró	;	LOC
COMENTÁRIO	;	ORG
PT	;	ORG
PT	;	ORG
Paulo Bernardo	;	PER
Michel Temer	;	PER
Wladimir	;	PER
Alexandre Frota	;	PER
PT	;	ORG
Machado da Transpetro	;	PER
Estado de Alagoas	;	LOC
Folha de SP	;	PER
CLIQUE AQUI	;	PER
Felipe Luchete do CONJUR	;	PER
Polícia Civil	;	LOC
Juiz Sergio Moro	;	PER
R$	;	PER
Paulo Bernardo	;	PER
Lulinha	;	PER
Darmstädter Echo	;	MISC
Consist Software	;	ORG
Procurador da República	;	PER
Neusa Gomes	;	PER
Globo News	;	ORG
OAS	;	ORG
Lula	;	PER
EXCELÊNCIA	;	MISC
Luizzi	;	ORG
Frente Povo Sem Medo	;	ORG
Claro	;	ORG
Juma	;	LOC
AFP	;	ORG
CORREÇÃO	;	MISC
Jandira	;	LOC
Globo	;	ORG
Agência Brasil	;	ORG
Machado	;	LOC
TSE	;	ORG
Lula	;	PER
Operação	;	ORG
Bolsa Família	;	ORG
Eduardo Cunha	;	PER
Lula	;	PER
MAMATA	;	MISC
Lava Jato	;	MISC
Medicina Veterinária	;	LOC
Eletrobrás	;	ORG
UTC Engenharia	;	MISC
Operação\nConclave	;	MISC
PGR	;	ORG
Biel	;	LOC
Sérgio	;	PER
MORAES	;	MISC
Armando Bagunça	;	LOC
Dilma	;	MISC
Biel	;	LOC
STF	;	LOC
IstoÉ	;	MISC
Globo	;	ORG
R$ 12 mil e R$	;	MISC
Machado	;	PER
Transpetro	;	LOC
Alves	;	PER
Cunha	;	LOC
Lula	;	PER
Tá bom?	;	MISC
Eurico Gaspar Dutra	;	PER
Transpetro	;	LOC
Atibaia	;	LOC
PT	;	ORG
Lula	;	PER
Jo Cox	;	PER
Operação Lava-Jato	;	MISC
R$	;	LOC
Senado	;	MISC
plenário do Supremo	;	LOC
Richthofen	;	LOC
R$	;	PER
Congresso	;	LOC
Estado de S. Paulo	;	LOC
tia Simone	;	PER
Promiscuidade	;	LOC
Sabia	;	LOC
José Cardoso	;	PER
Machado	;	PER
Brasil	;	LOC
Lava Jato	;	MISC
Preso	;	LOC
PGR	;	ORG
Lava-Jato	;	ORG
Suprema Corte	;	LOC
Teixeira	;	PER
Marco Antonio Villa	;	PER
Petrobras	;	ORG
Macri	;	MISC
Brasil	;	LOC
Lava	;	MISC
Eduardo Cunha	;	PER
Sérgio Machado	;	PER
Dilma!	;	MISC
Ana Amélia	;	PER
José de Filippi Junior	;	PER
R$	;	PER
Felipe Moura Brasil	;	PER
Eletrobras	;	LOC
URGENTE	;	ORG
Janaína	;	PER
SBT	;	ORG
Lava-Jato	;	ORG
Cerveró	;	LOC
EBC	;	MISC
PGR	;	ORG
AR-15	;	MISC
Dilma Rousseff	;	PER
Willian	;	PER
João Henriques	;	PER
Instituto Lula	;	ORG
Temer	;	PER
Estado	;	LOC
Dilma	;	MISC
UOL	;	MISC
Dilma	;	MISC
Sérgio Moro	;	PER
Ishii	;	PER
Rogério Cezar de Cerqueira Leite	;	PER
Temer	;	PER
Daily Mail	;	PER
Dilma	;	PER
Dilma	;	MISC
Aleluia	;	PER
My Boy	;	MISC
Cerveró	;	LOC
Dilma	;	PER
Lula	;	PER
Perfeito	;	PER
Delcídio	;	PER
Dilma	;	PER
Fabiane	;	PER
Dilma Rousseff	;	PER
Brasil	;	LOC
O Cafezinho: R$ 124 mil	;	MISC
Jornal da Cidade	;	MISC
Cunha	;	LOC
Brasil	;	LOC
Notícias de Última Hora	;	LOC
Justiça	;	LOC
SUFRAMA  	;	MISC
José Luiz Datena	;	PER
Barrichello	;	PER
Lava-Jato	;	ORG
Imagina	;	LOC
Dilma	;	PER
Comunicações	;	ORG
Felipe Moura Brasil	;	PER
Jorge Viana	;	PER
Fiquei	;	MISC
OBSTRUÇÃO DA LAVA-JATO	;	LOC
PEC	;	ORG
Pimentel	;	PER
Previdência	;	LOC
Leo Pinheiro	;	PER
Venezuela	;	LOC
Ana	;	PER
PMDB-PA	;	ORG
Zezé	;	PER
Boulos	;	LOC
Silveira	;	PER
Transpetro	;	LOC
Martins	;	PER
Anderson Melo	;	PER
Imposto de Renda	;	MISC
Mattar	;	PER
Lei	;	MISC
Justiça Federal	;	LOC
R$	;	PER
Secretário de Governo	;	MISC
MP	;	ORG
José Sarney	;	PER
Renan	;	PER
Dilma	;	MISC
Dilma	;	MISC
Augusto Nunes	;	PER
Lula	;	PER
Tiririca	;	LOC
Josias de Souza	;	PER
Dilma!	;	MISC
Ministério Público	;	MISC
R7	;	LOC
Lula	;	PER
Marcelo Odebrecht	;	PER
Lula	;	PER
Transpetro	;	LOC
António Guterres	;	PER
PT	;	ORG
C	;	MISC
R$	;	PER
Lei Rouanet	;	PER
MONSTRO	;	MISC
PSDB	;	ORG
RENAN – Tem	;	ORG
Sarney	;	PER
Lula	;	PER
STF	;	LOC
Rosamaria	;	PER
Lula	;	PER
País	;	LOC
Valor: R$	;	MISC
Operação Lava-Jato	;	MISC
Dilma	;	PER
Lava Jato	;	PER
BAND	;	ORG
Energia Edson Lobão	;	PER
TV Record	;	ORG
Jucá	;	PER
Operação Lava-Jato	;	MISC
Lava-Jato!	;	MISC
Michel Temer	;	PER
Temer	;	PER
Michel Temer	;	PER
Barroso	;	LOC
Petrobras	;	ORG
Belo Horizonte	;	LOC
Presidente	;	MISC
Operação Lava Jato	;	MISC
Amapá	;	LOC
Flávia Helen	;	MISC
Lei Rouanet	;	MISC
Hotel Plaza Athnee	;	LOC
Paris	;	LOC
Angola	;	LOC
Questionamos	;	ORG
Operação Lava-Jato	;	MISC
Ministério da Cultura	;	MISC
R$	;	MISC
Farmácia Popular	;	PER
INCRA	;	ORG
Supremo	;	LOC
Brasil	;	LOC
Operação Lava Jato	;	MISC
A ou B	;	MISC
ministério da Educação	;	LOC
UOL	;	MISC
Temer	;	PER
Michel Temer	;	PER
Andrade Gutierrez	;	PER
Dias	;	PER
Associação Brasileira de Imprensa ABI	;	ORG
Dilma Rousseff	;	PER
Jornal da Cidade online	;	MISC
Odebrecht	;	ORG
Earnest	;	ORG
SP	;	LOC
PT	;	ORG
Renan Calheiros	;	PER
Banco Central	;	LOC
Presidente em Exercício	;	MISC
TSE	;	ORG
Viva!	;	MISC
Sérgio Moro	;	PER
Deus	;	PER
Petrobras	;	ORG
Lula	;	PER
Waldir Maranhão	;	PER
Coitadinhos	;	LOC
Dilma	;	PER
Aguardem!	;	MISC
Exército de Caxias	;	LOC
Maranhão	;	LOC
TRE do Maranhão	;	LOC
Polícia Federal	;	LOC
Lei Rouanet	;	PER
IV	;	MISC
PT	;	ORG
Fui	;	MISC
Arnaldo ?!?!?!	;	MISC
Brasil	;	LOC
Júlio	;	PER
AGU	;	ORG
IMPEACHMENT	;	MISC
União	;	LOC
Dilma	;	MISC
Cármen Lúcia	;	PER
Gleisi!	;	ORG
José Eduardo Cardozo	;	PER
Waldir Maranhão	;	PER
Câmara	;	LOC
Cardozo	;	PER
Câmara	;	ORG
Renan Calheiros	;	PER
Lava Jato	;	MISC
Entendeu Delcídio	;	PER
Gleisi	;	LOC
Álvaro Dias	;	PER
Dilma	;	MISC
Lava Jato	;	MISC
PT	;	ORG
Olimpíadas de Copa do Mundo	;	MISC
Tepro Zavascki	;	PER
Petrobras	;	ORG
Brasil	;	LOC
Forbes	;	ORG
Lula	;	PER
MDIC	;	MISC
Dilma	;	PER
CBF	;	ORG
Lula	;	PER
Aécio	;	PER
Lula	;	PER
PSDB	;	ORG
Dilma	;	MISC
Câmara	;	ORG
Lula	;	PER
Lula	;	PER
Mark	;	MISC
Ciro	;	PER
República	;	LOC
CNJ	;	ORG
Conselho de Ética da Casa	;	ORG
Dilma	;	PER
Congresso	;	LOC
Sérgio Moro	;	PER
Sérgio Moro	;	PER
Lindbergh	;	PER
Sérgio Moro	;	PER
América Latina	;	LOC
B	;	MISC
R$	;	PER
Aeronáutica	;	ORG
Janot	;	MISC
Cunha	;	MISC
XXI	;	MISC
Dilma	;	MISC
PT	;	ORG
Ciro Gomes	;	PER
Lula	;	PER
Brasil	;	LOC
Lula	;	PER
PT	;	ORG
rodovia Régis Bittencourt	;	LOC
R$	;	PER
Petrobras	;	ORG
Câmara	;	ORG
Tiradentes	;	PER
R$ 3,00	;	MISC
Blog do Tupan	;	LOC
Sérgio Moro	;	PER
DIS-CUR-SO	;	LOC
Presidência da República	;	MISC
Ana Capriglione	;	PER
NY	;	LOC
Rodrigo Janot	;	PER
João Vaccari Neto	;	PER
Pensei	;	ORG
Dilma	;	PER
Zé	;	MISC
Belo Monte	;	LOC
Correio Braziliense	;	MISC
Lula	;	PER
Jean Wyllys	;	PER
Constituição Federal	;	ORG
Che	;	LOC
Vim	;	MISC
Sérgio Moro	;	PER
Bolsonaro	;	PER
Jean	;	PER
ROXO	;	MISC
Bahia Notícias	;	LOC
Tiririca	;	LOC
Operação Lava Jato	;	MISC
Dilma!	;	MISC
Renata	;	LOC
Lula	;	PER
Constituição	;	ORG
PSC-RJ	;	ORG
Global Xico Sá	;	PER
Dilma!	;	MISC
Virgem Maria	;	PER
Borges	;	PER
Dilma	;	MISC
Planalto	;	ORG
Dilma	;	MISC
Zanin	;	PER
PT	;	ORG
BRASIL-SIL-SIL	;	LOC
Fiesp	;	ORG
Francisco Dornelles	;	PER
Lula	;	PER
Notícias Políticas	;	MISC
Dilma?	;	MISC
Sílvio	;	PER
Brasil	;	LOC
Lula	;	PER
Corintiano	;	PER
Brasília	;	LOC
Carlos Sampaio	;	PER
Veja	;	MISC
Dilma Rousseff	;	PER
Brasília	;	LOC
Veja	;	MISC
pró-Dilma	;	MISC
PT	;	ORG
Lula	;	PER
Câmara	;	ORG
ONU	;	ORG
Twitter	;	MISC
Gol	;	ORG
Câmara	;	ORG
Lula	;	PER
RS	;	LOC
Amigos	;	LOC
Constituição	;	ORG
Lula	;	PER
Nas Ruas	;	MISC
Dilma	;	PER
Lula	;	PER
Henrique Fontana	;	PER
Brasil	;	LOC
Palácio do Planalto	;	LOC
José Genoíno	;	PER
Cunha	;	LOC
Blasting News	;	PER
Lula	;	PER
PM	;	LOC
Pedro	;	PER
Ari Fontoura	;	PER
R$	;	PER
Klein	;	PER
STF	;	LOC
PGR	;	ORG
Juízo	;	PER
IMPRENSA VIVA	;	MISC
PM	;	ORG
Maradona	;	PER
Vaia	;	LOC
Jackie Chan	;	PER
Paulo Maluf	;	PER
PT	;	ORG
Lula	;	PER
Lula	;	PER
Lula	;	PER
Lula	;	PER
Palácio	;	LOC
Veja	;	MISC
Califado	;	LOC
Oficial da Reserva	;	MISC
Exército Brasileiro	;	ORG
Ministério Público	;	MISC
Gilmar	;	PER
Equador	;	LOC
Lava Jato	;	MISC
Dilma	;	MISC
Marcos Valério	;	PER
Sindicato dos Práticos	;	MISC
Lula	;	PER
Dilma from	;	MISC
Luís Roberto Barroso	;	PER
PROBIDADE ADMINISTRATIVA	;	MISC
Folha	;	LOC
Goste Alckmin	;	PER
Dória	;	PER
Brasil	;	LOC
Beira	;	LOC
Palácio do Planalto	;	LOC
Congresso	;	LOC
País	;	LOC
Moro	;	PER
Instituto Liberal de São Paulo	;	LOC
OPORTUNIDADE	;	ORG
Luciano Ayan	;	LOC
Passará	;	LOC
OPINIÃO Pessoal	;	MISC
Casagrande & Sócrates	;	MISC
PMDB	;	ORG
República	;	LOC
TV Record	;	ORG
Dilma	;	MISC
Lamachia	;	LOC
Brasil	;	LOC
Movimento dos Trabalhadores Sem-Terra	;	ORG
ESCOLHEU NADA	;	MISC
Brasília	;	LOC
Dossiê PT	;	MISC
Venezuela	;	LOC
Fernando Pimentel	;	PER
Receita Federal	;	LOC
Marisa Letícia	;	PER
Cuba	;	LOC
Amorim	;	PER
Tarso Genro	;	PER
Brasil	;	LOC
Justiça	;	ORG
Chefe da Casa Civil	;	MISC
Equador	;	LOC
GEN AUGUSTO	;	PER
Stedile	;	LOC
Publico.pt	;	MISC
Lula	;	PER
R$	;	PER
Caro Lula	;	PER
PF	;	LOC
FPD	;	MISC
VÍDEO	;	MISC
União Europeia	;	ORG
Lula	;	PER
Estado-Maior	;	MISC
Lula	;	PER
Supremo	;	LOC
PSDB	;	ORG
Lava-Jato	;	ORG
UOL	;	MISC
Lava Jato	;	PER
Folha	;	LOC
Dilma	;	MISC
STF	;	LOC
Lula	;	PER
Forças Armadas	;	ORG
Dilma	;	PER
Lula	;	PER
PT	;	ORG
Lula	;	PER
Zavascki	;	PER
R$ 3,00	;	MISC
Sergio Moro	;	PER
Secretaria de Segurança Pública de São Paulo	;	MISC
Supremo	;	LOC
Dilma Rousseff	;	PER
Deus te proteja	;	MISC
Nero	;	PER
Federal	;	LOC
Ciro	;	PER
Lula	;	PER
Operação Lava Jato	;	MISC
Via Veja	;	MISC
presidente da República	;	MISC
Dilma Rousseff	;	PER
Dilma Rousseff	;	MISC
Ajufe	;	LOC
Gleisi	;	LOC
Veja	;	MISC
Lula	;	PER
Lula	;	PER
Lula	;	PER
Lula	;	PER
República de Curitiba	;	LOC
Ciro	;	PER
Dilma	;	PER
Petrobras	;	ORG
Luiz Inácio Lula da Silva	;	PER
Lula	;	PER
Palácio do Planalto	;	LOC
Lula	;	PER
São Bernardo do Campo	;	LOC
Cultura	;	MISC
Casa Civil	;	LOC
Lula	;	PER
Dilma e Lula	;	MISC
Globo News	;	MISC
Advogado Taiguara Fernandes de Sousa	;	MISC
Otávio Azevedo	;	PER
Lula	;	PER
Sérgio Moro	;	PER
Santana	;	PER
Câmara dos Deputados	;	LOC
Curitiba	;	LOC
IBGE	;	LOC
Joel Santana	;	PER
STF	;	LOC
Congresso	;	LOC
Lava Jato	;	PER
FAB	;	ORG
Rio	;	LOC
STF	;	LOC
SP	;	LOC
Poder Judiciário	;	MISC
SAIBA	;	MISC
Bumlai	;	PER
Fábio Luiz Lula da Silva	;	PER
Petrobras Assista	;	ORG
Dilma	;	MISC
Instituto	;	ORG
LEIA	;	MISC
Brasil	;	LOC
Forças Armadas Brasileiras	;	ORG
PT	;	ORG
Operação Lava-Jato	;	MISC
Kyodo	;	LOC
MARIANA HAUBERT	;	PER
Foco	;	LOC
PT	;	ORG
Norte	;	LOC
PF	;	ORG
Venezuela	;	LOC
Secretaria Estadual de Educação	;	MISC
Justiça!	;	ORG
PT	;	ORG
Catia Seabra da Folha	;	PER
Solar	;	MISC
Correio Brasiliense	;	MISC
República	;	LOC
Paraná Portal	;	ORG
Lula	;	PER
Justiça	;	LOC
Brasil	;	LOC
Lula	;	PER
Autor	;	PER
Petrobras	;	ORG
leia	;	PER
Lula	;	PER
VEJA	;	MISC
Lula	;	PER
ex-Presidente	;	LOC
Polícia Federal	;	LOC
Ministério Público	;	MISC
Dilma	;	MISC
Lula	;	PER
Jesus	;	PER
Exército	;	ORG
Jair Bolsonaro	;	MISC
Lula	;	PER
ONU	;	ORG
Chico Anysio	;	PER
Folha de SP	;	LOC
MP	;	ORG
Luis Cláudio	;	PER
João Santana	;	PER
Delcídio do Amaral	;	PER
Cabral	;	PER
Judiciário	;	LOC
Marisa	;	PER
Jaques Wagner	;	PER
Ricardo Boechat	;	PER
Roberto Teixeira	;	PER
R$	;	PER
SP	;	LOC
Maurício Silva Leite	;	PER
Espinafre	;	PER
PT	;	ORG
Exército Brasileiro	;	ORG
PF	;	MISC
Hallie	;	PER
Brasília	;	LOC
Rosa Weber	;	PER
Dilma Rousseff	;	PER
Polícia Civil e Militar	;	ORG
Vocês	;	MISC
Atibaia	;	LOC
R$	;	PER
Camarote	;	LOC
Atibaia	;	LOC
Casa dos Políticos	;	MISC
Alvaro Dias	;	LOC
Cuba	;	LOC
Fundão	;	LOC
ABAIXO	;	MISC
Migliaccio	;	PER
Redação Terra	;	LOC
Lava Jato	;	PER
Daily Mail	;	PER
Dilma	;	MISC
Dilma	;	PER
PT	;	ORG
CNC	;	ORG
Facebook	;	MISC
Dilma	;	MISC
Estadão	;	LOC
Brasil	;	LOC
Estado de S.Paulo	;	LOC
Senegal	;	LOC
Brasília	;	LOC
Lula	;	PER
MIR	;	ORG
Claro	;	ORG
BH	;	ORG
ÉPOCA	;	MISC
Dilma Rousseff	;	PER
Correios	;	LOC
Ministério da Cultura	;	MISC
Globo	;	ORG
Lula	;	PER
Lula	;	PER
Aedes aegypti	;	MISC
R$ 4,00	;	MISC
STF	;	LOC
Dilma	;	MISC
Dirceu	;	MISC
presidente da República	;	MISC
R$	;	MISC
Dilma	;	PER
REZAR	;	MISC
PT	;	ORG
Globo	;	ORG
Estado	;	LOC
R$ 220,00	;	MISC
Lula	;	PER
Dilma	;	PER
PGR	;	ORG
Sérgio Moro	;	PER
O Antagonista	;	MISC
Casos	;	MISC
PF	;	ORG
ONU	;	ORG
Dilma	;	MISC
Globo News	;	MISC
Google	;	ORG
PT	;	ORG
Marinho	;	PER
Nacional do Transporte	;	LOC
PT	;	ORG
Dilma	;	MISC
Lula	;	PER
Mobile E Sistemas	;	PER
Ronaldo Caiado	;	PER
Corinthians	;	ORG
Corinthians	;	ORG
Furnas	;	LOC
Guarujá	;	LOC
Justiça	;	ORG
Casa Legislativa	;	LOC
Minha Casa Minha Vida	;	PER
Veja	;	MISC
Deus	;	PER
Diário do Brasil	;	MISC
Lula	;	PER
Estadão?	;	MISC
Luis Cláudio	;	PER
Newton Ishii	;	PER
Promotor Douglas Chegury	;	PER
Podval	;	PER
Amanhã	;	LOC
presidente da República	;	MISC
Casa Civil	;	PER
Giles Azevedo	;	PER
UOL	;	MISC
Marisa	;	PER
Campo Grande	;	LOC
R$	;	PER
Telinha	;	LOC
PMDB	;	ORG
Aedes	;	PER
Operação Lava Jato	;	MISC
Lulinha	;	PER
MOÇA	;	ORG
José Carlos Blat	;	PER
Los Angeles	;	LOC
Reinaldo Azevedo	;	PER
Gilmar Mendes	;	PER
Aedes	;	LOC
leia	;	PER
País	;	LOC
Bombeiros	;	LOC
OAS	;	ORG
Europa	;	LOC
Ouça	;	LOC
Corte brasileira	;	ORG
Carlos Eduardo Ferreira Pinto	;	PER
Rubens Bueno	;	PER
Receita Federal	;	LOC
Europol	;	LOC
Geraldo Alckmin	;	PER
Geoffrey	;	PER
Lula	;	PER
OMS	;	ORG
Detran-DF	;	ORG
São Paulo	;	LOC
Utah	;	LOC
Zelotes	;	LOC
PM	;	ORG
Estado	;	LOC
USB	;	MISC
Serra da Cantareira	;	LOC
Câmara	;	ORG
R$ 1,00	;	MISC
Orgulhoso	;	LOC
Smart Fit	;	PER
Holder	;	PER
Lula	;	PER
Sírio Libanês	;	MISC
PM	;	ORG
G1	;	MISC
PMDB	;	ORG
Lula	;	PER
Ahhh meu Pai	;	PER
Swissinfo	;	LOC
Zona Leste de São Paulo	;	LOC
Amanda Brasil	;	PER
Justiça	;	LOC
PF	;	LOC
Brasil	;	LOC
Lula	;	PER
G1	;	MISC
R$	;	LOC
Munik	;	PER
RR	;	ORG
Vaticano	;	LOC
Rio Grande do Sul	;	LOC
InCor	;	LOC
Lamborghini	;	ORG
Compartilhe	;	LOC
MP	;	ORG
País	;	LOC
Pivetes	;	PER
Madre Teresa	;	PER
Petrobras	;	ORG
Solange Guedes	;	ORG
Victor dos	;	PER
Lula	;	PER
Engevix	;	LOC
R$	;	PER
CBN	;	ORG
Folha – link	;	MISC
Dilma	;	PER
PP	;	ORG
Lula	;	PER
R$ 10,00	;	MISC
Brasil	;	LOC
Luiz Inácio Lula da Silva	;	PER
Agência Brasil	;	ORG
Brilhante Ustra	;	MISC
Polícia Federal	;	LOC
Dilma	;	PER
Acorda Marina Silva	;	PER
MEC	;	LOC
EI	;	LOC
Facebook	;	MISC
COLLOR	;	ORG
Sistema de Seleção Unificada	;	ORG
leia	;	PER
Pernambuco	;	LOC
R$	;	PER
Curitiba	;	LOC
PR-MG	;	MISC
Fernando Baiano	;	PER
Andurte de Barros Duarte Filho	;	PER
Hélio Silva	;	PER
Revista Época	;	MISC
Brasil	;	LOC
Estados	;	LOC
Vivara	;	ORG
Jornal OTempo	;	MISC
Estados Unidos	;	LOC
Fausto	;	PER
Sérgio Moro	;	PER
DIS	;	ORG
Dilma	;	PER
Lula	;	PER
Leia	;	PER
R$ 640.548.924,00	;	MISC
Patriótica	;	MISC
TRF-4	;	MISC
BHAZ	;	MISC
Oliveira	;	PER
PF	;	MISC
PF	;	LOC
Otávio Augusto	;	PER
PT	;	ORG
R$	;	PER
Petrobras	;	ORG
Rosana	;	LOC
Leonardo Barreto	;	PER
Lula	;	PER
Dilma	;	PER
Voluntários	;	LOC
Globo	;	ORG
Universidade Federal	;	LOC
Publico.pt	;	MISC
Congresso	;	LOC
Dr. Enéias Carneiro	;	PER
Petrobras	;	ORG
Estado	;	LOC
Saúde	;	MISC
nuca)	;	MISC
Dilma Rousseff	;	PER
R$	;	MISC
IRLANDA	;	LOC
Brasil	;	LOC
Pacaembu	;	LOC
Presidência	;	MISC
– É	;	MISC
Delúbio	;	PER
Sammi	;	PER
PMDB	;	ORG
Ignorância	;	MISC
FGV	;	ORG
Ministério da Defesa	;	MISC
Brasileiros	;	LOC
GLOBO!	;	MISC
Negócios Estrangeiros	;	MISC
País	;	LOC
Angélica	;	MISC
Brasil	;	LOC
Clique	;	PER
Zuckerberg	;	MISC
Mainardi	;	PER
PT	;	ORG
Mario Kosel Filho	;	MISC
VERBA PARA ESCOLAS	;	MISC
Lula	;	PER
Luis Inácio	;	PER
Receita Federal	;	LOC
Justiça Eleitoral	;	MISC
São Bernardo	;	LOC
Amazônia	;	LOC
Eu – a Liberdade	;	MISC
Temer	;	PER
DESEDUCAÇÃO!	;	MISC
Brasil	;	LOC
PF	;	MISC
PMDB-CE	;	ORG
Brasil	;	LOC
Bumlai	;	LOC
Temer	;	PER
Lula	;	PER
Wikipédia	;	MISC
José Serra	;	PER
ACLAMAR	;	LOC
Lula	;	PER
Estadão Conteúdo	;	ORG
Analistas	;	MISC
Bolsonaro	;	LOC
Collor	;	PER
DDT	;	ORG
Marcondes	;	LOC
Estadão	;	LOC
Petrobras	;	ORG
Universidade de Barcelona	;	ORG
FolhaSP	;	MISC
Huang	;	LOC
Globo	;	ORG
Cunha	;	PER
Cerveró	;	LOC
UOL	;	MISC
Dilma	;	PER
Goiana	;	LOC
Dilma	;	PER
Petrobras	;	ORG
Brasil	;	LOC
Francisco Everardo Oliveira Silva Deputado Federal leia	;	PER
FECHA	;	MISC
Serra	;	PER
PT	;	ORG
PMDB	;	ORG
Pimentorium	;	MISC
Lula	;	PER
Câmara	;	ORG
Planalto	;	LOC
UOL Câmara	;	MISC
Felipe Moura	;	PER
Dilma	;	MISC
Presidente Lula	;	PER
FCS	;	ORG
Paris	;	LOC
TSE	;	ORG
Passei 4	;	MISC
Lula	;	PER
Dilma	;	MISC
Dilma	;	MISC
TSE	;	ORG
Congresso Nacional	;	LOC
Acho	;	PER
Brasil	;	LOC
Ministério Público Eleitoral	;	MISC
Lula	;	PER
Dilma	;	PER
Eduardo Cunha	;	PER
Priscila Chammas	;	ORG
Instituto Lula	;	ORG
Brasil	;	LOC
José Genoíno	;	PER
Lula	;	PER
Araújo	;	PER
Camilla Uckers	;	PER
Balanço Geral da TV Record	;	MISC
Dilma	;	MISC
PT	;	ORG
Petrobras	;	ORG
NJ	;	LOC
Foco	;	LOC
Receita Federal	;	LOC
EUA	;	LOC
Jornal da Ciência	;	MISC
Congresso	;	LOC
Porto Alegre	;	LOC
Lula	;	PER
Folha	;	PER
R$	;	LOC
R$	;	PER
Istoé	;	MISC
Twitter	;	MISC
Cristina	;	LOC
Paris	;	LOC
STF	;	LOC
Jogos Olímpicos de 2016	;	MISC
Jorge Kajuru	;	PER
Memorando do juiz	;	LOC
Relações Exteriores	;	PER
Energia	;	LOC
Delcídio	;	PER
PF	;	PER
Força Naval Chinesa	;	ORG
Teori Zavascki	;	PER
Rui	;	PER
PSDB	;	ORG
Estados Unidos	;	LOC
EUA	;	LOC
Rui Falcão Presidente Nacional do PT	;	PER
Nestor Cerveró	;	PER
Haiti	;	LOC
Lula	;	PER
Ruy Falcão	;	PER
Delcídio Amaral	;	PER
Dilma	;	PER
Diário do Poder	;	MISC
G1	;	MISC
Eduardo Cunha	;	PER
Brasil	;	LOC
Gandra	;	LOC
Chomsky	;	PER
Bashar al-Assad	;	PER
Paris	;	LOC
Cristo	;	PER
Ministério da Defesa russo	;	MISC
Lula	;	PER
Kremlin	;	ORG
R7	;	MISC
Brasil247	;	LOC
COMUM	;	LOC
Colúmbia Britânica	;	LOC
OTempo	;	MISC
Cunha	;	PER
Brasil247	;	LOC
Pátria Amada Brasil	;	MISC
Felipe	;	PER
São Paulo	;	LOC
barragem da Samarco	;	LOC
Tasso Jereissati	;	PER
PT	;	ORG
Rio Doce	;	LOC
|	;	LOC
UOL	;	MISC
Vereador do PT	;	LOC
Pátria Amada Brasil	;	MISC
Estado	;	LOC
Câmara dos Deputados	;	LOC
Ibama	;	LOC
Segunda Guerra Mundial	;	MISC
Morro	;	PER
Senador da Republica Magno Malta	;	LOC
BBC	;	ORG
Papa	;	PER
R$ 700,00	;	MISC
Lula	;	PER
IE	;	MISC
STF	;	LOC
Bolsonaro	;	LOC
Mineradora Samarco	;	ORG
Dilma	;	PER
d"água	;	LOC
Congresso Nacional	;	LOC
Putin	;	PER
Ministério do Planejamento	;	LOC
Correios	;	LOC
MOSTRA	;	MISC
Ipatinga	;	LOC
Estado de Minas	;	LOC
Dilma Rousseff	;	PER
Dilma	;	PER
Arthur Chioro	;	PER
PSDB-MG	;	ORG
BR-153	;	LOC
Ricardo Boechat	;	PER
Acho	;	PER
Paris	;	LOC
perversão"	;	ORG
UOL	;	MISC
Cidade Alerta	;	LOC
URGENTE	;	ORG
Câmara	;	ORG
PT	;	ORG
Itaúba	;	LOC
Samarco	;	PER
Polícia Militar	;	LOC
GloboNews	;	MISC
RODA VIVA da Tv Cultura	;	MISC
Brasil	;	LOC
Brasil	;	LOC
PRF	;	ORG
Cunha	;	PER
Quais	;	LOC
PT	;	ORG
R$ 5,00	;	MISC
Fazenda	;	LOC
Maggi	;	PER
Reino Unido	;	LOC
Exercito	;	LOC
Dilma	;	MISC
PRF	;	ORG
Dilma	;	MISC
PT	;	ORG
Dilma	;	PER
Folha Centro Sul	;	LOC
R$	;	MISC
Amém!	;	MISC
Brasil	;	LOC
PF	;	LOC
Dilma	;	PER
PT	;	ORG
Congresso	;	LOC
Bolsa Família	;	ORG
presidente do Brasil	;	MISC
SP	;	LOC
Dilma Rousseff	;	PER
Produto Interno Bruto	;	MISC
R$	;	MISC
Congresso	;	LOC
Francisco	;	PER
República	;	LOC
Raiz Cidadanista	;	MISC
Folha Centro Sul	;	LOC
Ivar	;	LOC
Folha	;	LOC
Cunha	;	PER
Brasil	;	LOC
Mauro Marcondes	;	PER
01/10/14	;	MISC
Suíça	;	LOC
Sonia Abrao	;	MISC
Kim	;	PER
Dilma	;	MISC
República	;	LOC
FAB	;	ORG
Acendi	;	PER
Michel Temer	;	PER
Jeremy	;	PER
Antônio Conselheiro	;	PER
Petrobras	;	ORG
PF	;	MISC
Igreja Metodista	;	ORG
São João del Rei	;	LOC
Satanases!	;	MISC
Pátria Amada Brasil).Em	;	MISC
Lava-Jato	;	ORG
Brasil	;	LOC
PT-RR	;	MISC
Michel Temer	;	PER
Exército	;	ORG
THE SUN	;	MISC
Kim Jon-un	;	PER
Constitucional	;	MISC
Brasil	;	LOC
Michael	;	PER
Brasil	;	LOC
Atibaia	;	LOC
R$	;	PER
O Dr. Parnia	;	MISC
Youtube	;	MISC
Verónica Ayllón	;	MISC
Cármem Lúcia	;	PER
Lisboa	;	LOC
A Folha	;	MISC
EUA	;	LOC
TRF-4	;	MISC
Farmacologia	;	LOC
Presidente da República	;	MISC
Férias em família	;	MISC
UOL	;	MISC
Facebook	;	MISC
Devorise	;	PER
Adriele	;	PER
Sérgio Moro	;	PER
Próprio Rodrigo Janot	;	MISC
Adivinhem	;	LOC
Cascavel	;	LOC
Bexiga	;	LOC
Brasil	;	LOC
Brasil	;	LOC
Huff Post	;	PER
Amém	;	MISC
Emocionante: Jovem	;	MISC
Raça Negra	;	MISC
Lauro Jardim	;	PER
Nelson Rodrigues	;	PER
Agnaldo Silva	;	PER
Maria do Rosário	;	MISC
Coréia do Norte	;	LOC
Juiz	;	PER
EUA	;	LOC
Brasil	;	LOC
Rezende	;	LOC
TV Folha *	;	MISC
STF	;	LOC
Trump	;	LOC
EMP	;	ORG
American News	;	ORG
Lula	;	PER
Estado	;	LOC
PTC-AL	;	LOC
Mike Pence	;	PER
Ibope	;	MISC
Assista	;	MISC
Brasil	;	LOC
Confúcio	;	PER
São José do Rio Preto	;	LOC
Temer	;	PER
Temer	;	PER
Sunday Express	;	MISC
Veja	;	MISC
Lula	;	PER
ONU	;	ORG
Caixa	;	ORG
Rede Globo	;	ORG
Lanchonete	;	LOC
Show de bola	;	MISC
Venezuela	;	LOC
Fernando Henrique Cardoso	;	PER
Michel	;	PER
VIVE	;	ORG
Blumenau	;	LOC
OAS	;	ORG
Gilmar	;	LOC
Tenho	;	PER
JN	;	PER
de São Paulo	;	LOC
Pablo	;	PER
Paul McCartney	;	PER
Power Point	;	MISC
JN	;	LOC
PM	;	LOC
Dossiê Cayman	;	MISC
Eduardo	;	PER
Dick Gregory	;	PER
Cientologia	;	MISC
PQP	;	ORG
FHC	;	PER
Ficamos	;	ORG
Brasil	;	LOC
Francisco	;	PER
Brasil	;	LOC
Trump	;	PER
Receita Federal	;	LOC
Pedro Uczai	;	PER
Instituto Lula	;	ORG
leia	;	PER
Vocês	;	MISC
Michel	;	PER
Forças	;	ORG
Pequim	;	LOC
Lula	;	PER
Papa	;	PER
Brasil	;	LOC
Sciency Daily	;	PER
Suassuna	;	PER
Neuroscience	;	ORG
Renata	;	PER
Rio	;	LOC
Foro Privilegiado	;	LOC
TRF-4	;	MISC
TRF-4	;	MISC
Vigilant ACE	;	MISC
Diretas Já	;	PER
Tiempos proféticos	;	MISC
PR-PB	;	MISC
PSC	;	ORG
BRASIL	;	LOC
Imagine	;	PER
The Sun	;	ORG
Mad Dog: Inside the Secret World of Muammar Gaddafi	;	MISC
R$ 25.000,00	;	MISC
EUA	;	LOC
Aroldo Murá	;	PER
Grupamento de Bombeiro Militar	;	MISC
Alexander Matsegora	;	LOC
Marinho	;	PER
Lava Jato	;	PER
Igreja da Inglaterra	;	LOC
Estadão	;	LOC
Zuckerberg	;	LOC
Hanna	;	PER
Sandra	;	LOC
Globo	;	ORG
Reynolds	;	PER
PM"s	;	ORG
Filipinas	;	LOC
Lava-Jato	;	PER
Luislinda	;	LOC
Trump	;	PER
Quero	;	PER
Pam	;	PER
Charles	;	PER
Canadá	;	LOC
Sahar Tabar	;	PER
Paraná	;	LOC
Complexo de Bangu	;	LOC
Palácio do Planalto	;	LOC
Accenture	;	ORG
MSN	;	MISC
Bolsonaro	;	LOC
Wefood	;	MISC
Teoria da Conspiração	;	MISC
Diana	;	PER
30	;	MISC
Sr. Lilley	;	PER
Serviço Secreto	;	MISC
Sílvio	;	PER
Globo ...	;	MISC
Zuckerberg	;	LOC
Illuminati	;	ORG
Estado	;	LOC
Sunday Express	;	MISC
CALOTE	;	MISC
JN	;	LOC
Calma	;	PER
Conselho dos 13 famílias	;	ORG
Gil	;	PER
Wikileaks	;	MISC
Albert Einstein	;	PER
Vogue	;	MISC
Lula	;	PER
Michel Temer	;	PER
Congresso	;	LOC
Cortesia: The Revelations of Dr Richard	;	MISC
Estado	;	LOC
Lula	;	PER
Jair Bolsonaro	;	PER
Rey	;	PER
Heraldo	;	PER
Congresso	;	LOC
Blog Sofá de Pobre	;	MISC
Barroso	;	LOC
Reinaldo Azevedo	;	PER
presidente do Brasil	;	MISC
Deus!	;	MISC
Unido	;	ORG
Sérgio Cabral	;	PER
Trump	;	PER
Ahhh	;	PER
Encontro	;	MISC
CIA	;	ORG
José Dirceu" Barroso	;	PER
Benito	;	PER
Michel Temer	;	PER
Sunday Express	;	MISC
França	;	LOC
Brasil	;	LOC
Temer	;	PER
Japão	;	LOC
RS-24	;	MISC
Benito	;	PER
BBB	;	MISC
Chego	;	LOC
STF	;	LOC
STF	;	LOC
Eduardo Costa	;	PER
Green Beret of the United States Army Special Forces	;	MISC
Aneel	;	LOC
Estados Unidos	;	LOC
EUA	;	LOC
Secretaria de Educação do Acre	;	ORG
Kim Jong-Un	;	PER
União Soviética	;	ORG
Cabral	;	PER
Vale	;	LOC
Planalto	;	ORG
General da reserva	;	PER
Diário do Brasil	;	MISC
Francisco	;	PER
STF	;	LOC
American crime story: People v. O.J. Simpson	;	MISC
A Sereia!	;	MISC
Melania fake	;	MISC
Globo	;	ORG
Cingapura	;	LOC
João Dória	;	PER
Idade Média	;	MISC
Smith	;	PER
3ª Guerra Mundial	;	MISC
Repare	;	ORG
Inglaterra	;	LOC
Donald Trump	;	PER
Lei de Recolha de Documentos	;	MISC
PT	;	ORG
Rede Globo	;	ORG
STF	;	LOC
Michel Temer	;	PER
Elescpectador	;	LOC
Universidade de Leicester	;	LOC
Walcyr	;	ORG
Brasil	;	LOC
Sr. Boechat	;	PER
Dona Francis	;	PER
Thiago	;	LOC
PMDB-MG	;	LOC
Doug Gotterba	;	PER
Paraná	;	LOC
Sérgio Moro	;	PER
Unifesp	;	LOC
Temer	;	ORG
Maraisa	;	PER
NBC News	;	ORG
Marinha e Aeronáutica	;	ORG
Coréia do Norte	;	LOC
Brasília	;	LOC
Outubro	;	MISC
Estados Unidos	;	LOC
PSDB	;	ORG
Haddad	;	PER
Tognolli	;	PER
Terra	;	LOC
Facebook	;	MISC
Caetano	;	PER
EUA	;	LOC
Estado	;	LOC
presidente Lula	;	PER
Bomba H	;	LOC
Terra	;	LOC
Youtube	;	MISC
Coréia do Norte	;	LOC
João Vaccari Neto	;	PER
Alckmin	;	PER
R$ 120,00	;	MISC
Jenny	;	PER
China	;	LOC
Regime	;	ORG
Alias JJ	;	PER
M.A.M.	;	ORG
Respondi	;	MISC
Amanda Nunes Brückner	;	PER
GloboLixo	;	MISC
Vox Popular	;	ORG
Moro	;	PER
Ferramentas Blog	;	PER
Projac	;	LOC
ILISP	;	ORG
Cientista	;	MISC
Huxley	;	PER
Dança dos Famosos	;	MISC
Sociedade Militar	;	LOC
Alexandre Garcia	;	PER
Marco Civil	;	PER
PT	;	ORG
Rede Globo	;	ORG
Anota	;	LOC
Daily Mail	;	PER
Coréia do Norte	;	LOC
MITO	;	ORG
Guililov	;	PER
Brasil	;	LOC
Sunday Express	;	MISC
Manchette	;	LOC
EUA	;	LOC
FHC	;	PER
Vaza	;	MISC
Helley Abreu Batista	;	PER
Tudo!	;	MISC
Las Vegas	;	LOC
ANSA	;	LOC
Donald Trump	;	PER
SP	;	ORG
Viomundo	;	ORG
Alice Cooper	;	PER
RPDC	;	ORG
Marcelo Freixo	;	PER
PT	;	ORG
Resende	;	PER
Unilad	;	LOC
Rede Globo	;	ORG
Instagram	;	PER
Patrícia Carvalho	;	PER
General Mourão	;	PER
William Bonner	;	PER
Kim	;	PER
Brasil	;	LOC
Brasil	;	LOC
Lightning Bolts	;	PER
Hannigan	;	PER
Kim Jong-un	;	PER
Enéas	;	PER
Jean Vanier	;	PER
Dilma	;	MISC
PT	;	ORG
Patrícia Carvalho	;	PER
Brasil	;	LOC
Coreia	;	LOC
Polícia Militar do Estado de São Paulo’	;	LOC
MBL	;	MISC
FORO PRIVILEGIADO	;	ORG
Dória	;	PER
André Esteves	;	PER
Ceticismo Político	;	MISC
EUA	;	LOC
Tempo de Amar	;	MISC
Vaticano	;	LOC
PT	;	ORG
TV Cultura	;	MISC
Temer	;	MISC
SP	;	LOC
Moon Jae-in	;	PER
R$	;	PER
Canalhas	;	LOC
Executiva Nacional do PT	;	ORG
Xiang Zhihong	;	PER
Globo!	;	MISC
Globo!	;	MISC
Supremo	;	LOC
Brasília	;	LOC
MAM	;	ORG
Roubanê	;	LOC
STF	;	LOC
Juventude de Mamanguape	;	MISC
Leudo Costa	;	PER
Playmobil	;	ORG
Sérgio Moro	;	PER
carta de Palocci	;	MISC
Carolyn Anderson MD	;	PER
Constituição	;	ORG
Michel Temer	;	PER
Estados Unidos	;	LOC
‘talagadas’ de uísque	;	MISC
Orientações de Planeamento	;	MISC
Brasil	;	LOC
Mirror	;	LOC
Diana de Gales	;	PER
Boeing E-4B Nightwatch	;	MISC
Business Insider	;	MISC
Porto Rico	;	LOC
Trump	;	PER
The Telegraph	;	ORG
Coréia do Norte	;	LOC
Silvio	;	PER
Reuters	;	ORG
WPA	;	ORG
Deus	;	PER
América	;	LOC
Madruga	;	PER
Acho	;	LOC
Marcelo Bretas	;	PER
MSN	;	MISC
Ferrari	;	ORG
TSE	;	ORG
Gilmar	;	PER
Cabral	;	PER
Paulo Chagas	;	PER
Ahhh	;	LOC
Jeremy	;	PER
ABCnews	;	MISC
Lula	;	PER
Venezuela	;	LOC
Benedict	;	PER
Bruna	;	PER
Sérgio	;	PER
Luiz Fux	;	PER
MP do Mal	;	ORG
EUA	;	LOC
Brasília	;	LOC
Paraná Pesquisas	;	ORG
Trump	;	PER
Segunda Guerra Mundial	;	MISC
Obrigado Claudinha	;	MISC
Deus	;	PER
Brasília	;	LOC
Lu Lacerda	;	PER
Fachin	;	MISC
DailyStar	;	MISC
Almirante Nakhimov	;	PER
Beijo	;	MISC
Brasil	;	LOC
Guerra da Coréia	;	MISC
CF	;	ORG
Daily Mail	;	PER
Trump	;	PER
Domingo Espetacular	;	MISC
Kim Jong-un	;	PER
Rio de Janeiro	;	LOC
STF	;	LOC
Veja	;	MISC
Brasília	;	LOC
Norte	;	LOC
Gaga	;	MISC
Instagram	;	MISC
Instituto	;	ORG
Léo Dias	;	PER
Resende	;	LOC
Lula	;	PER
Secretaria Especial de Comunicação Social da Presidência da República	;	MISC
EUA	;	LOC
Lula	;	PER
Moro	;	PER
The Sun	;	ORG
Força Marcelo	;	PER
Yoshihide Suga	;	PER
Boeing 737	;	MISC
STF	;	LOC
Leite Filho	;	PER
Suzana Vieira	;	PER
Brasil	;	LOC
Jean Wyllys	;	PER
Coreia do Norte	;	LOC
Lula	;	PER
R7	;	LOC
Joesley	;	PER
Xi Jinping	;	MISC
Iraque	;	LOC
Sergei Ryabkov	;	PER
Irma!	;	MISC
Medida Provisória	;	MISC
Corte	;	LOC
PT	;	ORG
EUA	;	LOC
Brasil	;	LOC
Kim	;	PER
Coreia do Norte	;	LOC
Flórida	;	LOC
Independent	;	LOC
Kim Jon-un	;	PER
Twitter	;	MISC
PT	;	ORG
Raul Castro	;	PER
PMDB-MG	;	LOC
Joesley	;	PER
Polícia Federal	;	LOC
Joesley	;	PER
R$	;	PER
Coréia do Norte	;	LOC
FDP?	;	MISC
Fort Lauderdale	;	LOC
Al-Qaeda	;	ORG
Kim Jon-un	;	PER
Palocci	;	PER
Marcela Temer	;	ORG
Maralee Caruso	;	PER
CIA	;	ORG
Rio de Janeiro	;	LOC
Anitta	;	LOC
Sunday Express	;	MISC
Temer	;	PER
Vamos lá Janot	;	MISC
Lava	;	MISC
Miséria = Morte	;	PER
SP	;	LOC
Dilma	;	MISC
Abraços	;	LOC
China	;	LOC
Reuters	;	ORG
Lei	;	MISC
Lei	;	MISC
The Mirror	;	MISC
PF	;	ORG
CIA	;	ORG
China	;	LOC
Coréia do Norte	;	LOC
Lava Jato	;	MISC
O Lula	;	MISC
Shinzo	;	PER
Sílvio	;	PER
UTI	;	ORG
Youtube	;	MISC
Espanha	;	LOC
Vladmir Putin	;	PER
Sigmund Freud	;	PER
Donald Trump	;	PER
Europa	;	LOC
Bragança	;	LOC
BBC	;	ORG
Jornal Em Tempo	;	MISC
Regime Militar	;	ORG
Tire	;	PER
Dilma	;	MISC
European Heart Journal	;	MISC
Lula	;	PER
Notícias da TV	;	ORG
China	;	LOC
Kim Jong-un	;	PER
Teori Zavascki	;	PER
Kim Jon-un	;	PER
Coreia do Sul	;	LOC
Japão	;	LOC
Guam	;	LOC
Yonhap News	;	ORG
Temer	;	LOC
Gelsner	;	PER
The Sun	;	ORG
Powell	;	PER
Fátima Bernardes	;	PER
República	;	LOC
Temer	;	PER
Lulinha	;	LOC
Coréia do Norte	;	LOC
Rossiter	;	PER
Nefilim	;	ORG
Brasília	;	LOC
Jornal da Cidade online	;	MISC
Kim Jon-un	;	PER
Corte	;	LOC
Kuwait	;	LOC
Conselho de Ética	;	ORG
Paraná Portal	;	ORG
ONU	;	ORG
Brasil	;	LOC
Maju	;	PER
Parabéns	;	LOC
Carlos Eduardo	;	PER
Mendes	;	LOC
Clique	;	PER
Mãe Joana	;	PER
Radar	;	LOC
Temer	;	PER
Kin Jong-un	;	MISC
Canal de TV	;	ORG
Presidente da República	;	MISC
Guarujá	;	LOC
KCNA	;	LOC
US$	;	LOC
Patrick Swartz	;	PER
INWO	;	ORG
Bolsonaro	;	LOC
Hospital Maggiore	;	LOC
Danilo Gentili	;	PER
Intercept	;	LOC
Melinda Bondarenka	;	LOC
Jolie	;	PER
Brasil	;	LOC
SONEAR	;	ORG
Nossa Senhora Aparecida	;	PER
Gran Marquise	;	PER
leia	;	PER
Fábio	;	PER
Imagine	;	PER
Palocci	;	LOC
Presidência da República	;	MISC
Jeong Kyeong-Doo	;	PER
Paulo Silvino	;	PER
Constituição Federal	;	LOC
Brasil	;	LOC
UOL	;	MISC
Lula	;	PER
Eduardo Campos	;	PER
Escreva	;	MISC
Hall	;	PER
PT	;	ORG
PR	;	LOC
Danilo	;	PER
Lula	;	PER
EUA	;	LOC
The Mistery of Freemasonry Unveiled	;	MISC
Zezé	;	PER
Charles Darwin	;	PER
Brasileiros	;	MISC
Instagram	;	LOC
Bihar	;	LOC
Léo	;	PER
Helicoca	;	LOC
Ana	;	PER
Bieber	;	PER
Latino	;	PER
Brasil	;	LOC
Coreia do Norte	;	LOC
Coreia do Sul	;	LOC
Santa Casa de Misericórdia de Porto Alegre	;	LOC
PhD	;	ORG
Pyongyang	;	LOC
Quênia	;	LOC
ANTI-PT	;	ORG
Câmara Municipal de SP	;	LOC
Lula	;	PER
Prefeitura de Campinas	;	LOC
China	;	LOC
Léo Dias	;	PER
Lula	;	PER
Alto Comando Militar	;	LOC
Senado	;	MISC
Coreia do Norte	;	LOC
ÉTICA	;	ORG
Polícia Federal	;	LOC
EUA	;	LOC
Guam	;	LOC
África do Sul	;	LOC
Prince	;	PER
Espanha	;	LOC
Maduro	;	PER
Gleisi	;	LOC
América	;	LOC
Atibaia	;	LOC
Precisamos	;	MISC
House of Cards Brazil	;	ORG
Pyongyang	;	LOC
Ministério Público te pega Valdemiro	;	MISC
Washington Post	;	ORG
Forças Armadas	;	ORG
Fortaleza	;	LOC
As descobertas	;	MISC
Palácio do Jaburu	;	LOC
Brad	;	PER
FATO 1	;	MISC
furacão Katrina	;	MISC
STF	;	LOC
Costello	;	PER
American Airlines	;	ORG
MSDIARIO	;	ORG
Patrícia Carvalho	;	PER
Globo	;	ORG
Venezuela	;	LOC
Wladimir Costa	;	PER
Evaristo Costa	;	PER
Amazing People	;	MISC
The Mirror	;	ORG
Eduardo	;	PER
Serviço de Inteligência Nacional da Coreia do Sul	;	ORG
Washington	;	LOC
Silvio	;	PER
Tiririca	;	LOC
BMW	;	ORG
A ou B	;	MISC
BBC Brasil	;	ORG
Eduardo Cunha	;	PER
Eduardo Cunha	;	PER
Independent	;	LOC
Facebook	;	MISC
Fui	;	MISC
Belfast	;	LOC
Lago Sul	;	LOC
Ministério Público Federal	;	MISC
Caso do Mensalão	;	MISC
Sumam do bairro	;	LOC
Bruna	;	PER
R$	;	PER
G1	;	MISC
Claudineia	;	PER
País	;	LOC
Cachorro	;	MISC
Nova Zelândia	;	LOC
CARA!	;	MISC
Jucá	;	PER
El Chorrillero	;	PER
Brasil	;	LOC
YPFB	;	ORG
Sérgio Moro	;	PER
Rio de Janeiro	;	LOC
Bradberry	;	PER

