NER	;	label
'Naira Trindade'	;	MISC
'Estado de Direito'	;	LOC
'Marco Aurélio Mello'	;	PER
'APA dos Mananciais do Córrego Guariroba'	;	LOC
'Estados Unidos'	;	LOC
'Natal'	;	MISC
'William'	;	PER
'Juan Orlando Hernández'	;	PER
'EPI'	;	PER
'Operação Lava Jato'	;	MISC
'Caravana'	;	PER
'STF'	;	LOC
'da África'	;	LOC
'Raquel Dodge'	;	PER
'Luis Buñuel'	;	PER
'Sambódromo'	;	LOC
'presidente da República'	;	MISC
'São Paulo'	;	LOC
'Broadway'	;	LOC
'Lula'	;	PER
'Antonio'	;	PER
'Congresso'	;	LOC
'Exército'	;	ORG
'Marcelo Miller'	;	PER
'Justiça'	;	LOC
'PPL'	;	ORG
'Cadeia Pública de Benfica'	;	LOC
'Eduardo Cunha'	;	PER
'Pacto'	;	ORG
'Erga Omnes'	;	MISC
'São Paulo'	;	LOC
'R$'	;	PER
'Moinhos de Vento'	;	LOC
'Michel Temer'	;	PER
'SP'	;	LOC
'Edson Fachin'	;	PER
'Luiz Inácio Lula'	;	PER
'Rua Doutor João Eboli'	;	LOC
'Supremo'	;	LOC
'Rappa'	;	PER
'Roberto Sá'	;	PER
'Eliseu Padilha'	;	LOC
'Distrito'	;	LOC
'Pacífico'	;	LOC
'TRF4'	;	MISC
'Porto Alegre'	;	LOC
'Alberto Zacharias Toron'	;	PER
'Luiz Inácio Lula da Silva'	;	PER
'República do \n'	;	LOC
'Casa Branca'	;	LOC
'Ministério Público'	;	LOC
'Índia'	;	LOC
'Senado'	;	MISC
'Sergipe'	;	LOC
'Grupo Globo'	;	ORG
'Jungmann'	;	PER
'G20'	;	ORG
'Carlos Lima'	;	PER
'Itaramaty'	;	LOC
'Phelipe'	;	PER
'José Dirceu'	;	PER
'Polícia'	;	LOC
'Justiça'	;	ORG
'Bélgica'	;	LOC
'Eldorado'	;	LOC
'Ministério do Trabalho'	;	MISC
'Luis Cláudio Lula da Silva'	;	PER
'Principia Discordia'	;	MISC
'Temer'	;	PER
'Fidelix'	;	LOC
'País'	;	LOC
'Congresso da Associação'	;	PER
'Limbo'	;	LOC
'Temer'	;	PER
'R$'	;	PER
'Geddel Vieira Lima'	;	PER
'Temer'	;	PER
'Meirelles'	;	PER
'Alexandra'	;	PER
'PT'	;	ORG
'Rodrigo'	;	PER
'Vivaldo Filho'	;	PER
'Flávio'	;	PER
'Congresso Nacional'	;	LOC
'PSB'	;	ORG
'JBS'	;	ORG
'DIC'	;	MISC
'Brasil'	;	LOC
'Ministério da Justiça'	;	ORG
'Brasil'	;	LOC
'Câmara'	;	ORG
'J&F.'	;	MISC
'Jovem Pan'	;	MISC
'Palácio \n'	;	LOC
'Estônia'	;	LOC
'Venda'	;	LOC
'Hemilly Brenda Gonçalves de Oliveira'	;	PER
'Câmara'	;	ORG
'Maia'	;	LOC
'G1'	;	MISC
'G1'	;	MISC
'Estatuto do Estrangeiro de 1980'	;	MISC
'Escola Superior de Agricultura Luiz de Queiroz'	;	ORG
'Petrobras'	;	ORG
'Zona Oeste'	;	LOC
'PT'	;	ORG
'Temer'	;	ORG
'Temer'	;	ORG
'Câmara'	;	LOC
'Lula'	;	PER
'Brasília'	;	LOC
'Temer'	;	PER
'A'	;	MISC
'Comentário no Jornal Eldorado da Rádio Eldorado – FM 107	;	MISC
'PMDB-MG'	;	ORG
'Justiça'	;	LOC
'Um Senhor Muito Velho'	;	MISC
'Lula'	;	PER
'Neymar'	;	PER
'Funaro'	;	LOC
'Planalto'	;	ORG
'Universidade da Virginia'	;	LOC
'Cármen Lúcia'	;	PER
'Casa Civil'	;	PER
'Previdência'	;	LOC
'Excelsa Corte'	;	LOC
'GSI'	;	ORG
'Elaine'	;	MISC
'Lei 11.196/05'	;	MISC
'Hartung'	;	PER
'Temer'	;	LOC
'Michel Temer'	;	PER
'Reino Unido'	;	LOC
'Perlatto'	;	PER
'G1'	;	MISC
'Lula'	;	PER
'PF'	;	LOC
'Gebran'	;	PER
'Luiz Edson Fachin'	;	PER
'Casa'	;	LOC
'BNDES'	;	MISC
'Universidade de Rowan'	;	LOC
'Maduro'	;	LOC
'Dilma Rousseff'	;	PER
'Temer'	;	PER
'PEC'	;	ORG
'DEM'	;	ORG
'Instituto de Criminalística do \n'	;	ORG
'Fachin'	;	MISC
'João'	;	PER
'Zé Dirceu'	;	MISC
'Ministério Público Eleitoral'	;	ORG
'Herman Benjamin'	;	PER
'Burger King'	;	ORG
'País'	;	LOC
'Moro'	;	PER
'Herman Benjamin'	;	PER
'Lava Jato'	;	MISC
'G1'	;	MISC
'Maria Thereza'	;	PER
'Ministro da Secretaria'	;	MISC
'PSDSB'	;	ORG
'Instagram'	;	LOC
'Havaí'	;	LOC
'Temer'	;	PER
'Grécia'	;	LOC
'Lula'	;	PER
'Corte'	;	LOC
'Lula'	;	PER
'Frederico Pacheco de Medeiros'	;	PER
'Julius Baer'	;	PER
'França'	;	LOC
'Brasília'	;	LOC
'Uma História do Samba'	;	MISC
'BLOG'	;	ORG
'Ford Ranger LTD'	;	PER
'FHC'	;	PER
'STF'	;	LOC
'ANC'	;	ORG
'Fernando Henrique'	;	PER
'Trèbes'	;	LOC
'Scotland Yard'	;	ORG
'Michel Temer'	;	PER
'República'	;	LOC
'Supremo Tribunal Federal'	;	LOC
'Vimos'	;	LOC
'Angra dos Reis'	;	LOC
'Polícia Federal'	;	LOC
'Lava Jato'	;	PER
'Bernardin'	;	PER
'Temer'	;	PER
'PM'	;	LOC
'Operação Lava Jato'	;	MISC
'Brasil'	;	LOC
'ICBM'	;	MISC
'Antonio Palocci'	;	PER
'Fachin'	;	ORG
'Perrella'	;	MISC
'Supremo Tribunal Federal'	;	LOC
'PT'	;	ORG
'Ministério Público Federal'	;	ORG
'CBP'	;	ORG
'JBS'	;	ORG
'Marino DÂngelo'	;	PER
'Brasil'	;	LOC
'MS'	;	LOC
'Cris Orlandi'	;	PER
'R$'	;	PER
'Dilma'	;	MISC
'Meio Ambiente'	;	PER
'STF'	;	LOC
'Supremo Tribunal Federal'	;	LOC
'PDT'	;	ORG
'MPF'	;	MISC
'Banco do Brasil'	;	ORG
'CUT'	;	ORG
'Estados'	;	LOC
'Tribunal de Justiça do Rio Grande do Norte'	;	ORG
'Câmara'	;	PER
'JBS'	;	ORG
'Secretaria de Comunicação Social do Supremo'	;	MISC
'Globo de abril'	;	ORG
'Bolsa Família'	;	ORG
'Tocantins'	;	LOC
'País'	;	LOC
'Aécio'	;	PER
'Olimpíada'	;	MISC
'Constituição Federal'	;	LOC
'Maia'	;	LOC
'Câmara'	;	ORG
'Temer'	;	PER
'PSDB-MG'	;	ORG
'Fernando Reis'	;	PER
'Eduardo Braga'	;	PER
'Dilma'	;	PER
'Meu trabalho'	;	MISC
'IOF'	;	ORG
'Previdência'	;	LOC
'Porto'	;	LOC
'Enem'	;	ORG
'Senado'	;	MISC
'Aécio'	;	PER
'Lava Jato'	;	PER
'Brasil'	;	LOC
'Temer'	;	PER
'Akki'	;	PER
'José'	;	PER
'OMC'	;	ORG
'Procuradoria-Geral do Estado'	;	LOC
'OUÇA: ‘Te'	;	MISC
'Aécio'	;	PER
'São Paulo'	;	LOC
'Câmara'	;	LOC
'Zagallo'	;	PER
'JBS'	;	ORG
'Operação Patmos'	;	ORG
'Operação Lava Jato'	;	MISC
'STF'	;	LOC
'Brasil'	;	LOC
'Joesley Batista'	;	PER
'PSDB'	;	ORG
'Temer'	;	PER
'Palácio \n'	;	LOC
'STF'	;	LOC
'Davos'	;	LOC
'O Globo'	;	ORG
'DENÚNCIA Se'	;	MISC
'Gilmar Mendes'	;	PER
'Vamos'	;	LOC
'Lava Jato'	;	PER
'Ministério'	;	MISC
'Lauren Mahon'	;	PER
'Aécio'	;	PER
'PR-SOM'	;	ORG
'Haiti'	;	LOC
'Titular'	;	MISC
'Pyongyang'	;	PER
'DELAÇÕES'	;	ORG
'Brics'	;	LOC
'Congresso'	;	LOC
'Lava'	;	MISC
'PMDB'	;	ORG
'Mônica Moura'	;	PER
'Brasil'	;	LOC
'Ministério Público Federal'	;	MISC
'Método'	;	PER
'SP'	;	LOC
'presidente Lula'	;	PER
'Coreia do Norte'	;	LOC
'G1'	;	MISC
'WhatsApp'	;	MISC
'Lula'	;	PER
'OCDE'	;	ORG
'Estados'	;	LOC
'Estados Unidos'	;	LOC
'Coreia do Norte'	;	LOC
'Lavras'	;	LOC
'Xi'	;	PER
'Maria Augusta'	;	PER
'Lula'	;	PER
'Palocci'	;	PER
'CPH'	;	ORG
'Operação Lava Jato'	;	MISC
'Kim'	;	PER
'Jogos Olímpicos de Inverno de PyeongChang'	;	MISC
'R$'	;	MISC
'muro de Berlim'	;	MISC
'Marisa Letícia'	;	PER
'EUA'	;	LOC
'Susanne Baumann'	;	PER
'EUA'	;	LOC
'Exército da Coreia do Sul'	;	ORG
'LGBT'	;	MISC
'US$'	;	MISC
'Kim Jong-un'	;	PER
'República'	;	LOC
'Executivo'	;	ORG
'Pyongyang'	;	PER
'Kim Jong-Un'	;	PER
'Centro'	;	LOC
'Kim'	;	PER
'Petrobrás'	;	ORG
'Luisa'	;	MISC
'Sergio Avelleda'	;	PER
'Partido dos Trabalhadores'	;	ORG
'Coreia do Norte'	;	LOC
'Independência'	;	MISC
'Kim Yong-chol'	;	PER
'Coreia do Norte'	;	LOC
'Previdência'	;	LOC
'Estados Unidos'	;	LOC
'VK'	;	MISC
'Taurus'	;	LOC
'Estado'	;	LOC
'Miller'	;	PER
'São Paulo'	;	LOC
'Turquia'	;	LOC
'Estados Unidos'	;	LOC
'Irã'	;	LOC
'Jovem Fla'	;	MISC
'Superior Tribunal de Justiça'	;	LOC
'Temer'	;	PER
'Kim Jong-un'	;	PER
'Luiz Inácio Lula da Silva'	;	PER
'Kim Jong Un'	;	PER
'Ian'	;	PER
'Receita'	;	MISC
'Arquidiocese de Belém'	;	LOC
'Organização Mundial de \n'	;	ORG
'Federação Paulista de Skate'	;	LOC
'América'	;	LOC
'André'	;	PER
'Panorama Internacional Coisa de Cinema'	;	ORG
'Pyongyang'	;	PER
'Espírito Santo'	;	LOC
'EUA'	;	LOC
'Chile'	;	LOC
'Supremo'	;	LOC
'Paulino José Soares'	;	PER
'Complexo Prisional de Aparecida de Goiânia'	;	LOC
'Petrobras'	;	ORG
'Justiça Federal de Curitiba'	;	ORG
'Jiu-jitsu'	;	PER
'Conselho de Segurança'	;	ORG
'Região dos'	;	LOC
'Lula'	;	PER
'Japão'	;	LOC
'República'	;	LOC
'Distrito Naval'	;	LOC
'Rodrigo Maia'	;	PER
'Gleba'	;	LOC
'Facebook'	;	MISC
'Lula'	;	PER
'Pyeongchang'	;	LOC
'Luis Tonini'	;	PER
'Trump'	;	LOC
'Michel Temer'	;	PER
'Judiciário'	;	LOC
'oceano Pacífico'	;	LOC
'Datafolha'	;	LOC
'Funaro'	;	LOC
'Pacífico Ocidental'	;	LOC
'Nature'	;	MISC
'Trump?'	;	MISC
'Seul'	;	LOC
'Crimeia'	;	LOC
'Estado'	;	LOC
'Casa Branca'	;	LOC
'Obamacare'	;	ORG
'Kim'	;	PER
'Fazenda'	;	LOC
'Brasil'	;	LOC
'Tailândia'	;	LOC
'Deus'	;	MISC
'Sinpo'	;	LOC
'Sohae da Coreia do Norte'	;	LOC
'Yulita Atap'	;	PER
'Kim In Ryong'	;	PER
'Ministério Público'	;	MISC
'Austrália'	;	LOC
'Robert Eihorn'	;	PER
'Lula'	;	PER
'Kim Jong-un'	;	PER
'Avaliamos'	;	LOC
'Trump'	;	MISC
'Executivo'	;	PER
'Congresso'	;	ORG
'AFP'	;	MISC
'EI'	;	ORG
'Estados Unidos'	;	LOC
'Lula'	;	PER
'Parque Permanente de Exposições'	;	LOC
'JBS'	;	ORG
'Doria'	;	PER
'Putin'	;	PER
'África'	;	LOC
'Brasil'	;	LOC
'Ministério do Trabalho'	;	MISC
'Guarujá'	;	LOC
'Coreia do Sul'	;	LOC
'EUA'	;	LOC
'Rússia'	;	LOC
'Síria'	;	LOC
'Lava Jato'	;	PER
'Dilma Rousseff'	;	PER
'Rouhani'	;	PER
'Lils Palestras e Eventos'	;	ORG
'Conselho de'	;	ORG
'Paraná'	;	LOC
'Estado'	;	LOC
'Dilma'	;	PER
'Donald Trump'	;	PER
'Rússia'	;	LOC
'Eurasia Group'	;	ORG
'UFBA'	;	MISC
'Rodrigo Rollemberg'	;	PER
'Temer'	;	PER
'China'	;	LOC
'Órgão'	;	LOC
'TSE'	;	ORG
'Legislativo'	;	MISC
'Simone Biles'	;	PER
'Celebração'	;	LOC
'Jean Wyllys'	;	PER
'Brasil'	;	LOC
'Rodrigo Janot'	;	PER
'Outsiders'	;	MISC
'Marina'	;	LOC
'Lei Complementar 64/1990'	;	MISC
'Palocci'	;	MISC
'Rivasplata'	;	PER
'Vitória'	;	LOC
'TV Globo'	;	ORG
'Palmas'	;	LOC
'Michel Temer'	;	PER
'Palocci'	;	MISC
'Mayer'	;	PER
'Taques'	;	PER
'Carolina'	;	LOC
'G1'	;	MISC
'Lava Jato'	;	MISC
'Portugal'	;	LOC
'Louisville'	;	PER
'‘'	;	LOC
'Ministério Público'	;	LOC
'Brasil'	;	LOC
'Rocha'	;	PER
'MPF'	;	ORG
'São Paulo'	;	LOC
'Lula'	;	PER
'PMDB-RJ'	;	ORG
'Temer'	;	PER
'Supremo Tribunal Federal'	;	LOC
'Defesa'	;	MISC
'SD-BA'	;	MISC
'Estados Unidos'	;	LOC
'Abeso'	;	LOC
'TRF-4'	;	MISC
'País'	;	LOC
'Leyroz'	;	PER
'Bolsonaro'	;	LOC
'Caracas'	;	LOC
'Operação Cui Bono'	;	ORG
'Forças Armadas'	;	ORG
'Lava'	;	MISC
'Jornal Anhanguera'	;	MISC
'Meirelles'	;	PER
'Grande Natal'	;	MISC
'MPF'	;	ORG
'MPF'	;	ORG
'Bolsonaro'	;	LOC
'Operação Lava Jato'	;	MISC
'Executivo e Legislativo'	;	MISC
'China Telecom'	;	ORG
'MPF'	;	MISC
'Comecei'	;	LOC
'PMDB-RN'	;	ORG
'PDT'	;	ORG
'Lula'	;	PER
'Constituição'	;	ORG
'Manchester'	;	LOC
'Casa Civil'	;	PER
'‘'	;	PER
'R$'	;	LOC
'Lula'	;	PER
'Fusarelli'	;	PER
'Praça XV de Novembro'	;	LOC
'G1'	;	MISC
'DF'	;	LOC
'José Serra'	;	PER
'Leia'	;	PER
'MATERIAL COMPLETO'	;	ORG
'Forças Armadas'	;	ORG
'Câmara'	;	PER
'Paradigm'	;	ORG
'Ministério da Justiça'	;	ORG
'Carne Fraca'	;	LOC
'Brasília'	;	LOC
'Michel Temer'	;	PER
'Nilson Alves Ribeiro'	;	PER
'Luiz Inácio'	;	PER
'Luiz Inácio'	;	PER
'Andréa Neves'	;	PER
'Consegui'	;	PER
'Casa Civil'	;	LOC
'Lula'	;	PER
'Fachin'	;	PER
'Superior Tribunal de Justiça'	;	LOC
'Fachin'	;	LOC
'PEC'	;	ORG
'CNE'	;	ORG
'STF'	;	LOC
'Comentário no Jornal Eldorado da Rádio Eldorado – FM 107	;	MISC
'Comissão de Orçamento da Alerj'	;	ORG
'STF'	;	LOC
'Santa Catarina'	;	LOC
'Justiça'	;	LOC
'SP'	;	LOC
'Pezão'	;	PER
'Procuradoria-Geral do Estado'	;	LOC
'G1'	;	MISC
'Rio de Janeiro'	;	LOC
'Luciano Augusto Bonilha Leão'	;	PER
'Forças Armadas'	;	ORG
'Mantega'	;	MISC
'PMDB'	;	ORG
'Brasil'	;	LOC
'TRF-4'	;	MISC
'Fernando Reis'	;	PER
'PSB-SE'	;	PER
'Previdência Social'	;	PER
'Musudan-1'	;	MISC
'Sérgio Moro'	;	PER
'R$ 100'	;	MISC
'Lava'	;	MISC
'Estados Unidos'	;	LOC
'Rosinha Matheus'	;	PER
'Bolsonaro'	;	LOC
'Bruno César Lorencini'	;	PER
'Sesc Pinheiros'	;	LOC
'TV Anhanguera'	;	LOC
'Japão'	;	LOC
'Eunício'	;	PER
'Lua'	;	LOC
'Moro'	;	PER
'Mar do Japão'	;	LOC
'Odebrecht'	;	ORG
'Ilê Aiyê'	;	PER
'PF'	;	LOC
'RR'	;	ORG
'João Vaccari Neto'	;	PER
'Borba'	;	LOC
'Lava Jato'	;	MISC
'Maira'	;	LOC
'Gabrielli'	;	PER
'US$'	;	PER
'US$'	;	PER
'Trump'	;	PER
'Victor'	;	PER
'Defesa Nelson Jobim'	;	PER
'Lula'	;	PER
'Meirelles'	;	PER
'Victor'	;	PER
'Unidos de Padre Miguel'	;	LOC
'Edinho PT'	;	ORG
'Temer'	;	PER
'Victor'	;	PER
'PSDB'	;	ORG
'Poliana'	;	PER
'Legislativo'	;	MISC
'R$'	;	PER
'Congresso Nacional'	;	LOC
'Janot'	;	MISC
'PMDB-CE'	;	ORG
'Pino Donaggio'	;	PER
'José Augusto Ferreira dos Santos'	;	PER
'Estado'	;	LOC
'Dilma'	;	PER
'Coordenação de Política para a Diversidade'	;	ORG
'Dilma'	;	PER
'Willy'	;	PER
'Ar Condicionado'	;	MISC
'Terra'	;	LOC
'Urso de Ouro'	;	MISC
'Lula'	;	PER
'G1'	;	MISC
'G1'	;	MISC
'SP'	;	LOC
'São Paulo'	;	LOC
'Twitter'	;	MISC
'Aristide'	;	LOC
'Thiago Daniel de Almeida Fogaça'	;	LOC
'Admar Gonzaga'	;	PER
'Ministério'	;	MISC
'Ms'	;	ORG
'Lava Jato de Curitiba'	;	MISC
'Gilberto Carvalho'	;	PER
'Comentário no Jornal Eldorado da Rádio Eldorado – FM 107.3'	;	MISC
'Maduro'	;	MISC
'Alois'	;	PER
'Auto-Tune'	;	MISC
'raio-X'	;	LOC
'Senado'	;	MISC
'Livres'	;	MISC
'Temer'	;	PER
'O Tribunal Regional Federal da \n'	;	MISC
'GloboNews'	;	MISC
'Baixa terapia'	;	MISC
'Alexandre de Moraes'	;	PER
'MG'	;	LOC
'R$'	;	PER
'Congresso Nacional'	;	LOC
'Lula'	;	PER
'Eduardo'	;	PER
'Herman Benjamin'	;	PER
'Justiça'	;	ORG
'R$'	;	PER
'Justiça'	;	LOC
'Congresso'	;	LOC
'Joalyson da Silva'	;	PER
'Justiça Federal'	;	LOC
'Operação Lava Jato'	;	MISC
'Léo Pinheiro'	;	PER
'PM'	;	ORG
'Paulo'	;	PER
'Distrito Federal'	;	LOC
'Congresso'	;	LOC
'União'	;	LOC
'Comentário no Jornal Eldorado'	;	MISC
'Comentário no Jornal da Eldorado'	;	MISC
'Supremo'	;	LOC
'Gilmar Mendes'	;	PER
'Grande Vitória'	;	LOC
'CLT'	;	MISC
'Ônibus'	;	PER
'ES'	;	ORG
'Estados'	;	LOC
'Governo Temer'	;	PER
'Conselho de Ética'	;	ORG
'Eduardo de Souza'	;	PER
'Copa'	;	MISC
'Tribunal Regional Federal'	;	ORG
'Rubens Feitosa'	;	PER
'Stranger things'	;	MISC
'Rio de Janeiro'	;	LOC
'Tribunal Regional Federal'	;	ORG
'Ministro interino da Defesa'	;	MISC
'PMDB'	;	ORG
'Lula'	;	PER
'Rio Grande do Sul'	;	LOC
'Pouso Alegre'	;	LOC
'Boa noite!'	;	MISC
'Palácio \n'	;	LOC
'OAS'	;	ORG
'Direito Romano in dubio'	;	MISC
'PT'	;	ORG
'Maria Letícia'	;	PER
'PF'	;	PER
'Congresso'	;	LOC
'Munhoz'	;	MISC
'AL'	;	ORG
'Procuradoria Geral da República'	;	ORG
'Álvaro José Galliez Novis'	;	PER
'Lula'	;	PER
'TRF-4'	;	MISC
'República'	;	LOC
'Sírio-Libanês'	;	LOC
'Roberson Pozzobom'	;	PER
'Ministério Público Federal'	;	LOC
'Jô'	;	PER
'UTI'	;	ORG
'Silval'	;	PER
'Judiciário'	;	LOC
'Judiciário'	;	LOC
'Nicolas Sarkozy'	;	PER
'Eike'	;	PER
'Concha Acústica do Teatro Castro Alves'	;	MISC
'Grupo Odebrecht'	;	ORG
'Folklórico'	;	PER
'Marcos Jorge de Lima'	;	PER
'Petrobrás'	;	ORG
'OMS'	;	ORG
'Galeão'	;	LOC
'O Globo'	;	MISC
'Aeronáutica'	;	ORG
'Nossos'	;	MISC
'Wilson'	;	PER
'Lava Jato'	;	MISC
'PF'	;	PER
'G1'	;	MISC
'Gustavo Arruda Macedo'	;	PER
'Moro'	;	PER
'EUA'	;	LOC
'Meirelles'	;	PER
'Ministério do Planejamento'	;	LOC
'Trump'	;	PER
'Operação Lava Jato'	;	MISC
'Coreia do Norte'	;	LOC
'Neumann'	;	PER
'Comitê Rio'	;	ORG
'MDB'	;	ORG
'Distrito Federal'	;	LOC
'Rodrimar'	;	LOC
'Debora'	;	LOC
'MPF'	;	MISC
'Lula'	;	PER
'Dr. Roberto Kalil Filho'	;	PER
'R$'	;	PER
'Peru'	;	LOC
'Luiz Maklouf'	;	PER
'Dr. Roberto Kalil Filho'	;	PER
'Grande São Paulo'	;	LOC
'Lava Jato'	;	MISC
'Tribunal de Justiça'	;	ORG
'Operação Desvio Certo'	;	MISC
'Itália'	;	LOC
'Cimar Azeredo'	;	PER
'Gabriela Munhoz'	;	PER
'AVC'	;	ORG
'MG'	;	LOC
'Osmar Rodrigues'	;	PER
'Samu'	;	ORG
'João Santana'	;	PER
'RJ'	;	LOC
'WhatsApp'	;	MISC
'PM'	;	LOC
'URSS'	;	ORG
'República'	;	LOC
'Rio Branco'	;	LOC
'G1'	;	MISC
'Vale do Paraíba'	;	LOC
'Belo Horizonte'	;	LOC
'Grupo Caoa'	;	ORG
'aeroporto Domodedovo'	;	LOC
'Comando Tripartite de Segurança'	;	MISC
'Judiciário'	;	LOC
'Bangladesh'	;	LOC
'CBN'	;	ORG
'Freddie Mercury'	;	PER
'Goiânia'	;	LOC
'Robinson'	;	PER
'Rio de'	;	LOC
'Jornal Nacional'	;	MISC
'Teori'	;	PER
'Geddel'	;	PER
'estado do'	;	LOC
'Itapipoca'	;	LOC
'Ginásio do Ibirapuera'	;	LOC
'RN'	;	LOC
'Catarinense de Faxinal'	;	LOC
'Projeto Música no Parque'	;	MISC
'Praça dos Pombos'	;	LOC
'PTB'	;	ORG
'Operação Rio'	;	ORG
'G1'	;	MISC
'BRF'	;	ORG
'H'	;	PER
'Compaj'	;	LOC
'Catra'	;	PER
'Ilha de Condenados'	;	LOC
'Estados Unidos'	;	LOC
'Polícia Militar do Rio Grande Norte'	;	LOC
'PGR'	;	ORG
'Hudson Teixeira'	;	PER
'Demônio de O Exorcista'	;	MISC
'Secretaria de Administração'	;	MISC
'GloboNews'	;	MISC
'País'	;	LOC
'Parlamentares'	;	PER
'Washington Ferreira'	;	PER
'Maria Laura Canineu'	;	PER
'Rio'	;	LOC
'Ministério do Interior'	;	LOC
'Rio Branco'	;	LOC
'‘'	;	PER
'Mágino Alves'	;	PER
'Penitenciária'	;	ORG
'Garrett'	;	PER
'R$'	;	PER
'Espanha'	;	LOC
'Zona Norte'	;	LOC
'Agência Nacional'	;	ORG
'Força Armada'	;	MISC
'Fazenda'	;	LOC
'STF'	;	LOC
'FBI'	;	ORG
'Maria Augusta Ramos'	;	PER
'Geddel'	;	PER
'Pavilhão Rogério Coutinho Madruga'	;	LOC
'Força Aérea'	;	ORG
'Takeda'	;	MISC
'Ministério Público'	;	MISC
'Miles'	;	PER
'Estados Unidos'	;	LOC
'Juiz de Fora'	;	LOC
'Daniel Cerqueira'	;	PER
'Região \n'	;	LOC
'ONU'	;	ORG
'Executiva'	;	LOC
'Lula'	;	PER
'PSB'	;	ORG
'Penitenciária 1 de Tremembé'	;	LOC
'Lagamar'	;	LOC
'João Döria Jr'	;	PER
'Jesus Cristo'	;	PER
'Justiça Criminal Márcio Sérgio Christino'	;	PER
'Setor de Comunicação'	;	MISC
'Cristiano Camapum'	;	PER
'Baixada Fluminense'	;	LOC
'Fora Temer'	;	MISC
'Facebook'	;	MISC
'Brasil'	;	LOC
'Acho'	;	PER
'Gacc'	;	MISC
'Polícia'	;	LOC
'Câmara Municipal de Presidente Prudente'	;	LOC
'Ministério do Trabalho'	;	MISC
'Grupo Odebrecht'	;	ORG
'EUA'	;	LOC
'Braga Netto'	;	PER
'Vilas do Atlântico'	;	LOC
'Bope'	;	MISC
'Netuno'	;	LOC
'TCU'	;	MISC
'Hélcio'	;	PER
'Raul Jungmann'	;	PER
'Estado'	;	LOC
'Erin'	;	PER
'US$ 1.061.650	;	MISC
'Zélia Lúcia barbosa Moreira'	;	PER
'Copom'	;	ORG
'Amazonas'	;	LOC
'Temer'	;	PER
'Sonia Braga'	;	PER
'Castro'	;	PER
'Presidente da República'	;	MISC
'PM'	;	LOC
'Anac'	;	LOC
'Uruguai'	;	LOC
'Superior Tribunal de Justiça'	;	LOC
'Bebida'	;	LOC
'PGR'	;	ORG
'Justiça'	;	LOC
'Secretaria'	;	ORG
'São Paulo'	;	LOC
'Sorocaba'	;	LOC
'Instituto de Segurança Pública'	;	ORG
'Sergio Moro'	;	PER
'Lucio'	;	LOC
'Conferência do Clima'	;	MISC
'Estado'	;	LOC
'Polícia Federal'	;	LOC
'José Aparecido Batista Cardoso'	;	PER
'Arquidiocese de São'	;	LOC
'Antonio Trajano da Rocha'	;	PER
'Casa'	;	PER
'André Luis Reis Santana'	;	PER
'Wesley'	;	PER
'PGR'	;	ORG
'PT-CE'	;	MISC
'Casa Civil'	;	LOC
'Lula'	;	PER
'SP'	;	LOC
'Rio de Janeiro'	;	LOC
'Coreia do Norte'	;	LOC
'Paralamas:”Entrei'	;	LOC
'Estados Unidos'	;	LOC
'Operação Lava Jato'	;	MISC
'STF'	;	LOC
'Batista'	;	PER
'Rio Pará'	;	LOC
'Diniz Costa Junior'	;	PER
'Herman Benjamin'	;	PER
'Petrobras'	;	ORG
'Reino Unido'	;	LOC
'Justiça'	;	LOC
'Distrito Federal'	;	LOC
'BNB'	;	ORG
'Henrique Eduardo'	;	PER
'PEC'	;	ORG
'Assembleia de Deus'	;	ORG
'PIC'	;	ORG
'Wellington Moreira Franco'	;	PER
'Lava Jato'	;	MISC
'Dilma Rousseff'	;	PER
'Finlândia'	;	LOC
'FGTS'	;	MISC
'Operação Zelotes'	;	ORG
'A Pabllo'	;	MISC
'R$'	;	LOC
'‘'	;	LOC
'Maria Lúcia'	;	PER
'Ribeirão Preto'	;	LOC
'PSDB-MG'	;	ORG
'Prefeitura de São Paulo'	;	LOC
'Michel Temer'	;	PER
'Luiz Eduardo da \n'	;	PER
'Julio Mossin'	;	PER
'Comissão de Constituição e Justiça do Senado'	;	ORG
'R$'	;	PER
'Lula'	;	PER
'Constituição'	;	ORG
'Nailde'	;	LOC
'Solaris'	;	MISC
'TV Globo'	;	ORG
'Escola Municipal de Educação Infantil de Itapetininga'	;	LOC
'Instituição'	;	LOC
'R$'	;	PER
'Salvador'	;	LOC
'Marcelo Odebrecht'	;	PER
'Tenho'	;	LOC
'Palocci'	;	LOC
'‘'	;	LOC
'região Seridó'	;	LOC
'Lula'	;	PER
'Portugal'	;	LOC
'Engenharia'	;	MISC
'Polícia Federal'	;	LOC
'Odebrecht'	;	ORG
'STF'	;	LOC
'Procuradoria Geral'	;	ORG
'DW: Na noite da eleição'	;	MISC
'R$ 360'	;	MISC
'STF'	;	LOC
'Brasília'	;	LOC
'Luiz Felipe da Silva'	;	PER
'Ministério Público'	;	MISC
'Congresso'	;	ORG
'Renan'	;	PER
'Corte'	;	LOC
'Maia'	;	LOC
'Renan Calheiros'	;	PER
'Rodrigo Janot'	;	PER
'Lorenzoni de Lorenzetti'	;	PER
'Lava Jato'	;	MISC
'Ana Carolina'	;	PER
'Grande São Paulo'	;	LOC
'Christian Figueiredo'	;	PER
'Ospa'	;	ORG
'Bebia'	;	PER
'Brasil'	;	LOC
'Ministério da Justiça'	;	ORG
'João Paulo Gil'	;	PER
'BBC'	;	ORG
'Temer'	;	PER
'R$'	;	PER
'B.O.'	;	ORG
'G1'	;	MISC
'Aécio'	;	PER
'Zona da Mata'	;	LOC
'Evaldo'	;	ORG
'Coalizão'	;	LOC
'Moro'	;	PER
'Felipe Jonnata'	;	PER
'Paralimpíada'	;	MISC
'MEI'	;	ORG
'Arthur'	;	PER
'Rainha do Céu'	;	PER
'PMDB-AL'	;	ORG
'MORAES'	;	MISC
'Odebrecht'	;	ORG
'Aécio'	;	PER
'Itália'	;	LOC
'Facebook'	;	MISC
'Bonilla'	;	PER
'Ministério Público'	;	MISC
'Belém'	;	LOC
'PPS-BA'	;	LOC
'Segundo a Secretaria Municipal'	;	MISC
'PMDB-AL'	;	ORG
'PMDB-AL'	;	ORG
'Allenby St'	;	PER
'SP'	;	LOC
'Washington'	;	LOC
'Vallegrande'	;	LOC
'Judiciário'	;	LOC
'Domingo de'	;	MISC
'Estado Islâmico'	;	ORG
'Ministério Público'	;	MISC
'Maluf'	;	PER
'Estádio do Pacaembu'	;	LOC
'‘'	;	LOC
'Senado'	;	MISC
'Senado'	;	MISC
'R$ 186'	;	MISC
'Formação da Literatura Brasileira'	;	MISC
'GRU Airport'	;	ORG
'Justiça'	;	PER
'Joesley'	;	PER
'Forças Armadas'	;	ORG
'Hospital da Universidade Central de Caracas'	;	LOC
'IMEI'	;	MISC
'Café Lamas'	;	LOC
'Cuba'	;	LOC
'Herman Benjamin'	;	PER
'Geddel Vieira Lima'	;	PER
'BBC'	;	ORG
'Senado'	;	MISC
'Luiz Inácio Lula da Silva'	;	PER
'CCJ'	;	ORG
'Alana de Oliveira'	;	PER
'Justiça'	;	PER
'Dayse'	;	PER
'ex-Presidente da República'	;	MISC
'PF'	;	MISC
'Comentário no Jornal Eldorado da Rádio Eldorado – FM 109	;	MISC
'Geddel'	;	LOC
'Casa'	;	MISC
'Brexit'	;	LOC
'Púchkin'	;	PER
'Estado'	;	LOC
'Josep'	;	LOC
'Lula'	;	PER
'Darwin'	;	PER
'Supremo Tribunal Federal'	;	LOC
'República'	;	LOC
'Zimnyaya Vishnia'	;	PER
'Fernando Nogueira da Costa'	;	PER
'Tive'	;	PER
'Carlos Andreotti'	;	PER
'Sexta-feira'	;	MISC
'Cheat Codes'	;	MISC
'Sérgio Moro'	;	PER
'Secretaria deste Juízo'	;	MISC
'Ceagesp'	;	LOC
'Cyntia Galvão'	;	PER
'Terrence MacNally'	;	PER
'Temer'	;	PER
'Eldorado'	;	LOC
'Ministério Público'	;	MISC
'Moro'	;	PER
'Nações Unidas'	;	ORG
'Levantamento do G1'	;	MISC
'PM'	;	LOC
'Bahia'	;	LOC
'STF'	;	LOC
'Arguição'	;	MISC
'MDB'	;	ORG
'Fernando Segovia'	;	PER
'Ministério Público Estadual do Rio de Janeiro'	;	LOC
'Eric'	;	PER
'Glauco da Costamarques'	;	PER
'João Santana'	;	PER
'Rocinha —'	;	LOC
'Lua'	;	LOC
'Perguntei'	;	PER
'EI'	;	ORG
'Marielle'	;	LOC
'Constituição Federal'	;	LOC
'Ministério Público'	;	MISC
'G1'	;	MISC
'R$'	;	PER
'Associação Pró-Divino'	;	ORG
'MIT'	;	ORG
'PT'	;	ORG
'Dilma Rousseff'	;	PER
'Rio Grande do Norte'	;	LOC
'Estado'	;	LOC
'Palácio do Planalto'	;	LOC
'Kim'	;	PER
'Stockholm'	;	LOC
'Universidade da \n'	;	LOC
'Otan'	;	ORG
'Palácio do Alvorada'	;	LOC
'Alckmin'	;	PER
'PSDB'	;	ORG
'Esboço de Psyché'	;	MISC
'Fundação Oswaldo Cruz Cláudio Maierovitch'	;	LOC
'Lava Jato'	;	PER
'Márcio Medeiros'	;	PER
'Gol'	;	ORG
'Estados Unidos'	;	LOC
'Espírito Santo'	;	LOC
'Fernando'	;	PER
'Complexo da Maré'	;	LOC
'Tribunal Regional da 4ª Região'	;	LOC
'Temer'	;	PER
'Obama'	;	PER
'Donald Trump'	;	PER
'Temer'	;	PER
'Região Metropolitana'	;	LOC
'Previdência'	;	LOC
'Universidade Federal de \n'	;	LOC
'Operação Lava Jato'	;	MISC
'Presidência da República'	;	MISC
'Lula'	;	PER
'Pacífico'	;	LOC
'PetroChina'	;	ORG
'Sérgio Moro'	;	PER
'aeroporto de Viracopos'	;	LOC
'Sul-Americana'	;	LOC
'Previdência'	;	LOC
'Proposta de \n'	;	LOC
'Well'	;	MISC
'George Cardoso'	;	PER
'Centro de Treinamento e Reeducação'	;	LOC
'Lava Jato'	;	PER
'MEC'	;	LOC
'Bashar'	;	PER
'R$'	;	PER
'Nova York'	;	LOC
'Loures'	;	LOC
'Porto Velho'	;	LOC
'Coroa'	;	LOC
'Goldfajn'	;	ORG
'Lei de Acesso à Informação'	;	MISC
'Santa Casa'	;	LOC
'Exergia'	;	ORG
'Michel'	;	PER
'João'	;	PER
'PMDB-AL'	;	ORG
'BBC Brasil'	;	ORG
'PP'	;	ORG
'Serviço Nacional de Meteorologia dos EUA'	;	ORG
'Brasil'	;	LOC
'FV2017'	;	MISC
'Michel Temer'	;	PER
'Doria'	;	LOC
'Brasil'	;	LOC
'Paraná'	;	LOC
'Barack Obama'	;	PER
'Supremo Tribunal Federal'	;	LOC
'TRF'	;	MISC
'Porto Alegre'	;	LOC
'Cármen Lúcia'	;	PER
'Lei de Ficha Limpa'	;	MISC
'Justiça'	;	PER
'Samba do Crioulo Doido'	;	MISC
'Juninho'	;	PER
'Narcotráfico'	;	LOC
'Peemedebista'	;	PER
'Lava Jato'	;	PER
'Justiça Federal'	;	LOC
'Nikolas Cruz'	;	PER
'Estados Unidos'	;	LOC
'Benedicto Júnior'	;	PER
'Salão Verde'	;	LOC
'Vallisney'	;	PER
'A Lei é Para Todos'	;	MISC
'Rogério'	;	PER
'Michel Temer'	;	PER
'Brasil'	;	LOC
'Comentário no Jornal da Gazeta da Rádio Gazeta – FM'	;	MISC
'São Paulo'	;	LOC
'McAfee Associates'	;	MISC
'República'	;	LOC
'Twitter'	;	MISC
'Nordestino'	;	PER
'Joesley'	;	PER
'Moro'	;	PER
'ONU'	;	ORG
'Instituto de Segurança Pública do Rio'	;	ORG
'Justiça'	;	LOC
'Operação Lava Jato'	;	MISC
'PR'	;	LOC
'Michel'	;	PER
'Fábio'	;	PER
'OAS'	;	ORG
'Alckmin'	;	PER
'Senado'	;	MISC
'Alter do Chão'	;	LOC
'Juventude'	;	ORG
'Brasil'	;	LOC
'Carlos Drummond de Andrade'	;	PER
'Temer'	;	PER
'João Carlos Holland'	;	PER
'Brasil'	;	LOC
'China'	;	LOC
'Coreia do Sul'	;	LOC
'Paulo Pimenta'	;	PER
'Tecnologia Digital Ltda'	;	MISC
'PSDB'	;	ORG
'Boni'	;	PER
'Lava Jato'	;	PER
'ONU'	;	ORG
'Igreja'	;	ORG
'R$'	;	PER
'R$'	;	PER
'Lei de Cotas'	;	MISC
'PR-SP'	;	PER
'MPF'	;	ORG
'PSDB'	;	ORG
'Previdência'	;	LOC
'Senado'	;	MISC
'Janot'	;	PER
'Vitória 10.000'	;	MISC
'Trump'	;	PER
'No Divã do Gikovate'	;	MISC
'Lava Jato'	;	MISC
'Assistência'	;	LOC
'Sebastião'	;	PER
'Jardim'	;	LOC
'Planeta Atlântida'	;	LOC
'G1'	;	MISC
'Antonio'	;	PER
'irmãos Silva'	;	PER
'Brasil'	;	LOC
'Supremo'	;	LOC
'Odebrecht'	;	LOC
'Brasil'	;	LOC
'Cristina Mautoni'	;	PER
'Lembro-me'	;	MISC
'Malafaia'	;	LOC
'Michel Temer'	;	PER
'Casa'	;	PER
'Bashar Al-Assad'	;	PER
'Paraná'	;	LOC
'Joesley Batista'	;	PER
'Dilma'	;	PER
'STF'	;	LOC
'Lula'	;	PER
'PT-RJ'	;	PER
'Região Nordeste'	;	LOC
'RJTV'	;	ORG
'Lula'	;	PER
'Marcia Friggi'	;	PER
'Palácio do Planalto'	;	LOC
'Bumlai'	;	LOC
'Temer'	;	PER
'Penitenciária Agrícola de Monte'	;	LOC
'PF'	;	LOC
'Justiça'	;	ORG
'País'	;	LOC
'Ana Taban'	;	PER
'Rio de Janeiro'	;	LOC
'Rio'	;	LOC
'PF'	;	LOC
'União'	;	LOC
'Seaview'	;	PER
'Distrito Federal'	;	LOC
'Cemitério da Quarta Parada'	;	LOC
'Michel Temer'	;	PER
'Leo'	;	PER
'Vilas do Atlântico'	;	LOC
'Comissão de Ética'	;	ORG
'R$'	;	PER
'Propaganda'	;	PER
'Justiça Federal do Paraná'	;	ORG
'Polícia'	;	LOC
'Rio de Janeiro'	;	LOC
'Mantega'	;	LOC
'Lula'	;	PER
'Etiópia'	;	LOC
'Ferreira'	;	PER
'Janot'	;	PER
'Indicados'	;	MISC
'Barreiras'	;	LOC
'R$'	;	PER
'Igor Romário de Paula'	;	PER
'Ciência Política da UFMG Mara Telles'	;	MISC
'Sérgio Moro'	;	PER
'Lava Jato'	;	MISC
'Sérgio Cabral'	;	PER
'PSDB'	;	ORG
'Song Young-Moo'	;	PER
'PMDB'	;	ORG
'Lula'	;	PER
'URSS'	;	ORG
'R$'	;	PER
'Jesus Cristo'	;	PER
'Lula'	;	PER
'Paulo Maluf'	;	PER
'Fórum'	;	ORG
'Paulista'	;	ORG
'Tribunal'	;	ORG
'Berlim'	;	LOC
'Goiânia'	;	LOC
'Polícia Civil Hélder Lauria'	;	ORG
'Polícia Civil do Rio Grande do Sul'	;	LOC
'Previdência'	;	LOC
'Graça Foster'	;	PER
'NBR'	;	ORG
'Quietude'	;	LOC
'SP'	;	LOC
'Presidência'	;	MISC
'Brasil'	;	LOC
'TV Globo'	;	ORG
'Luiz Cláudio Lula da Silva'	;	PER
'Canindé'	;	LOC
'Sergipe'	;	LOC
'Castro'	;	LOC
'Band'	;	ORG
'Parque Vista Alegre'	;	LOC
'TNP'	;	ORG
'Lula +'	;	PER
'Alípio'	;	PER
'Distrito Federal'	;	LOC
'SP'	;	LOC
'Palácio do Jaburu'	;	LOC
'República Federativa'	;	LOC
'Casa'	;	LOC
'Quero'	;	PER
'Manuela'	;	PER
'Alexandre de Moraes'	;	PER
'Europa'	;	LOC
'Antonio Palocci'	;	PER
'G1'	;	MISC
'Europa'	;	LOC
'Liszt'	;	PER
'STF'	;	LOC
'Promotoria'	;	MISC
'R$'	;	PER
'Andrada'	;	PER
'Gleisi'	;	LOC
'R$'	;	PER
'Câmara'	;	ORG
'Zé Mineiro'	;	MISC
'PGR'	;	ORG
'Temer'	;	PER
'Facebook'	;	MISC
'Legislativo fluminense'	;	MISC
'Cármen Lúcia'	;	LOC
'Estado'	;	LOC
'Ensino Médio'	;	ORG
'SBT'	;	ORG
'Temer'	;	PER
'Beatrice Vio'	;	PER
'Câmara'	;	LOC
'Lava Jato'	;	PER
'Lula'	;	PER
'ATUALIZAÇÃO'	;	MISC
'Espanha'	;	LOC
'Michel Temer'	;	PER
'Movimento Brasil'	;	ORG
'Turquia'	;	LOC
'DEM-SP'	;	LOC
'Campanha do Agasalho 2018'	;	MISC
'Oliveira'	;	LOC
'Michel Temer'	;	PER
'G1'	;	MISC
'Zani Cajueiro'	;	PER
'Congresso'	;	LOC
'MDB'	;	ORG
'UTI'	;	ORG
'R$'	;	PER
'Lewandowski'	;	PER
'Ricardo Saud'	;	PER
'Paraná'	;	LOC
'República da África do Sul'	;	LOC
'Michel Temer'	;	PER
'Wenny Campos'	;	PER
'Marcelino'	;	PER
'Michel Temer'	;	PER
'Onofre'	;	PER
'A vaga'	;	MISC
'Petrobras'	;	ORG
'Rosângela Magalhães'	;	PER
'Paulinho'	;	PER
'Operação Lava Jato'	;	MISC
'María Gil'	;	PER
'Temer'	;	LOC
'R. A-'	;	PER
'Temer'	;	LOC
'Tesla'	;	PER
'Felipe Recondo'	;	PER
'Ipanema'	;	LOC
'Palácio'	;	LOC
'Brasil'	;	LOC
'Adib Abdouni'	;	PER
'Caminhos'	;	ORG
'Panorama'	;	MISC
'SP'	;	LOC
'Palácio do Planalto'	;	LOC
'Ministério do Trabalho'	;	MISC
'PTB'	;	ORG
'Previdência'	;	LOC
'Fake news'	;	MISC
'Moraes'	;	PER
'Brasil'	;	LOC
'Jeremias'	;	PER
'Estados Unidos'	;	LOC
'Antônyo Jorge Ferreira da Silva'	;	PER
'‘'	;	LOC
'Alemanha'	;	LOC
'Tasso Jereissati'	;	PER
'Baixada Santista'	;	LOC
'SP'	;	LOC
'Previdência'	;	LOC
'Congresso'	;	LOC
'Instagram'	;	LOC
'Senado'	;	MISC
'João'	;	PER
'Isis Vitória Alves'	;	PER
'Unesco'	;	ORG
'PT'	;	ORG
'José'	;	PER
'Rolling Stones'	;	ORG
'Luiz Inácio Lula da Silva'	;	PER
'TRF-4'	;	MISC
'G1'	;	MISC
'Karla Ismaragda Franco'	;	ORG
'Pesquisa Nacional do Aborto'	;	MISC
'Justiça'	;	LOC
'Alguma'	;	PER
'Lava'	;	MISC
'OAS'	;	ORG
'TRF-4'	;	MISC
'Continuaremos'	;	ORG
'Meio-Oeste'	;	LOC
'Articulação dos'	;	LOC
'English'	;	PER
'Lava Jato'	;	PER
'Planejamento'	;	LOC
'Centro de São Paulo'	;	LOC
'Temer'	;	PER
'Michel Temer'	;	PER
'Alberto Fujimori'	;	PER
'MP'	;	ORG
'Lindolfo Collor'	;	PER
'Senado'	;	MISC
'Operação Lava Jato'	;	MISC
'PF'	;	PER
'Fernando Coelho Filho'	;	PER
'Índice de Massa Corporal'	;	MISC
'Vestuário Meias de Compressão'	;	MISC
'SP'	;	LOC
'Nora'	;	LOC
'Ouvidoria Geral de Polícia da Secretaria de Segurança Pública'	;	LOC
'Presidência'	;	MISC
'Lula'	;	PER
'Theatro NET'	;	ORG
'Vitória da Conquista'	;	LOC
'Acho'	;	PER
'Câmara'	;	ORG
'Câmara'	;	ORG
'Polícia Civil do Rio'	;	LOC
'Trapaça'	;	MISC
'Lula'	;	PER
'OMS'	;	ORG
'Paraíso do Tuiuti'	;	MISC
'David Cornwell'	;	PER
'Estado'	;	LOC
'CTI'	;	ORG
'Sérgio Moro'	;	PER
'Ahú'	;	LOC
'Luiz Inácio Lula da Silva'	;	PER
'Tiririca'	;	LOC
'Turquia'	;	LOC
'Maria Tereza Peregrino'	;	PER
'Edson'	;	PER
'Petrobrás'	;	ORG
'R$'	;	PER
'SP'	;	LOC
'Marco Ruffo'	;	PER
'Brasil'	;	LOC
'Velha Calçada'	;	MISC
'Lula'	;	PER
'Faça a América Grandiosa Novamente: Impeach Trump'	;	MISC
'Temer'	;	PER
'Danila'	;	PER
'Cabo Frio'	;	LOC
'Paraná'	;	LOC
'Lava Jato'	;	MISC
'Gilberto'	;	PER
'Dorival'	;	PER
'PT'	;	ORG
'Polícia Federal'	;	LOC
'MPF'	;	MISC
'SUS'	;	ORG
'México'	;	LOC
'Mateus'	;	MISC
'Movimento dos Trabalhadores Rurais'	;	ORG
'Associação Brasileira de \n'	;	ORG
'PT'	;	ORG
'União'	;	LOC
'Butrus'	;	LOC
'Luciana'	;	LOC
'Raul Jungmann'	;	PER
'Operação Lava Jato'	;	MISC
'Diário Oficial da União'	;	MISC
'A Secretaria'	;	MISC
'Odebrecht'	;	ORG
'Herdeira'	;	LOC
'Maria Beltrão'	;	PER
'Rocinha'	;	LOC
'Luciano Huck'	;	PER
'Instituto Lula'	;	ORG
'ADPF'	;	ORG
'Brasil'	;	LOC
'Facebook'	;	MISC
'Aviso'	;	PER
'Reclamações'	;	PER
'Unicamp'	;	LOC
'Terceiro Reich'	;	ORG
'Zona Sul de São Paulo'	;	LOC
'Previdência'	;	LOC
'UE'	;	ORG
'INSS'	;	MISC
'estado do Rio'	;	LOC
'UPA'	;	ORG
'Damous'	;	MISC
'Prazos'	;	MISC
'Rio'	;	LOC
'Codemge'	;	LOC
'Lula'	;	PER
'Londres'	;	LOC
'PT'	;	ORG
'Samu'	;	ORG
'Aécio'	;	PER
'Instituto Brasileiro de \n'	;	LOC
'Centro do Rio'	;	LOC
'Brasil'	;	LOC
'Direito Penal'	;	LOC
'ONGs'	;	MISC
'Michel Temer'	;	PER
'Huveneers'	;	PER
'Baldy'	;	PER
'LFR'	;	MISC
'ONU'	;	ORG
'MPF'	;	MISC
'Ufba'	;	LOC
'Temer'	;	ORG
'Estado'	;	LOC
'À CPI da JBS'	;	MISC
'Paraná Carli Filho —'	;	ORG
'Guarujá'	;	LOC
'Nova Orleans'	;	LOC
'FESTIVAL DE'	;	MISC
'STF'	;	LOC
'Neguei'	;	PER
'CNN'	;	ORG
'Ministério Público Federal'	;	MISC
'MPF'	;	MISC
'Manoel Catarino Peró'	;	PER
'Lula'	;	PER
'LILS'	;	ORG
'Sérgio Moro'	;	PER
'Geraldo Alckmin'	;	PER
'Comando Militar do Leste'	;	LOC
'Lula'	;	PER
'Operação'	;	MISC
'Dilma'	;	MISC
'Antônio Palocci'	;	PER
'Lava Jato'	;	MISC
'Luiz Inácio Lula da Silva'	;	PER
'Floriano Pesaro'	;	PER
'Lula'	;	PER
'Valéria Aragão'	;	PER
'CPTM'	;	LOC
'Luís Roberto Barroso'	;	PER
'G1'	;	MISC
'Desembargador João Pedro Gebran Neto'	;	PER
'Rebeca Mendes Silva Leite'	;	PER
'Eldorado'	;	LOC
'Lula'	;	PER
'Serra do Rio'	;	LOC
'Teori Zavascki'	;	PER
'Grupo de Inquéritos do STF'	;	ORG
'Instituto Lula'	;	ORG
'Marinha'	;	ORG
'RJTV'	;	ORG
'Sapucaí'	;	LOC
'Centro'	;	LOC
'Brasil'	;	LOC
'Bruxelas'	;	LOC
'União'	;	LOC
'Conar'	;	LOC
'Transportes'	;	LOC
'Brasil'	;	LOC
'Câmara'	;	LOC
'Eric Seba'	;	PER
'R$'	;	PER
'Barra Mansa'	;	LOC
'Coreia'	;	LOC
'Barbosa'	;	PER
'Grupo BRF'	;	ORG
'Fórum Mundial da Água'	;	LOC
'Rio de Janeiro'	;	LOC
'Praça Miami'	;	LOC
'Secretaria de Governo'	;	ORG
'Brasília'	;	LOC
'Teodoro Poppovic'	;	PER
'Saúdo'	;	LOC
'CPF'	;	ORG
'Rio Casca'	;	LOC
'Rio de Janeiro'	;	LOC
'Odebrecht'	;	ORG
'Forças'	;	ORG
'Lava Jato'	;	MISC
'Zona Centro-Sul'	;	LOC
'Katia Martinelli'	;	PER
'Dilma'	;	PER
'Bom Dia Santa Catarina'	;	LOC
'ONU'	;	ORG
'Sul de Minas'	;	LOC
'Phelipe Douglas Alves'	;	PER
'Michel Temer'	;	PER
'Brasil'	;	LOC
'Pernambuco'	;	LOC
'Lava Jato'	;	MISC
'Google'	;	ORG
'Poder Executivo'	;	MISC
'Comissão de Diversidade Sexual'	;	ORG
'Organização Panamericana'	;	ORG
'Brasília'	;	LOC
'Medida Provisória 699'	;	MISC
'Amazonas'	;	LOC
'Cinema'	;	MISC
'Ministério do Esporte'	;	ORG
'Dilma'	;	PER
'Marcelo Crivella'	;	PER
'Eldorado 6'	;	MISC
'Lula'	;	PER
'Marte'	;	LOC
'Ministério da Defesa'	;	ORG
'Marcelo Alonso'	;	PER
'R$'	;	PER
'Avenida Atlântica'	;	LOC
'Michel Temer'	;	PER
'Funaro'	;	LOC
'Polícia Civil'	;	LOC
'Brasil'	;	LOC
'Eliakim Araújo'	;	PER
'Frota'	;	PER
'Temer'	;	PER
'Vila Kennedy'	;	LOC
'R$ 49'	;	MISC
'Petros'	;	LOC
'Formiga'	;	ORG
'Lula'	;	PER
'Justiça'	;	LOC
'Recupero'	;	PER
'JBS'	;	ORG
'Câmara'	;	ORG
'J&F'	;	ORG
'Alemanha'	;	LOC
'Guarujá'	;	LOC
'Glaucos'	;	PER
'Nilton Bicudo Luiz Carlos Merten Roberto Santucci'	;	PER
'Rodrigo Rocha Loures'	;	PER
'G1'	;	MISC
'Insper'	;	MISC
'Congresso Nacional'	;	LOC
'Lula'	;	PER
'Lula'	;	PER
'Fábio Luís'	;	PER
'Gostei'	;	PER
'Masculino'	;	MISC
'Rosso'	;	PER
'Nicholas'	;	PER
'Oscar de Melhor'	;	MISC
'Falando'	;	ORG
'Facebook'	;	MISC
'Procuradoria'	;	LOC
'Antônio Costa'	;	PER
'Dilma'	;	PER
'Samu'	;	ORG
'PSDB'	;	ORG
'Guarujá'	;	LOC
'G1'	;	MISC
'Presidente Dilma'	;	PER
'R$'	;	PER
'Cristiane'	;	PER
'Elson'	;	PER
'R$ 368'	;	MISC
'Quero'	;	PER
'Temer'	;	PER
'Lava Jato'	;	MISC
'PR'	;	MISC
'Estado de São Paulo'	;	LOC
'Ku Klux Klan'	;	ORG
'R$'	;	LOC
'Ciro Gomes'	;	PER
'Maia'	;	LOC
'Mesa Diretora'	;	MISC
'João Augusto Rezende Henriques'	;	PER
'José Dirceu'	;	PER
'Uber anunciar'	;	MISC
'Lula'	;	PER
'Michel Temer'	;	PER
'Elisaldo Carlini'	;	PER
'Lava Jato'	;	MISC
'Castro'	;	PER
'Moçambique'	;	LOC
'Petrobras'	;	ORG
'Estarei'	;	MISC
'África do Sul'	;	LOC
'Instituto'	;	LOC
'Dilma'	;	PER
'Senado'	;	MISC
'Janot'	;	PER
'Padilha'	;	LOC
'Amaral'	;	PER
'Temer'	;	PER
'Odebrecht'	;	ORG
'Polícia Federal'	;	LOC
'Jane Dodd'	;	PER
'IME'	;	LOC
'PDT'	;	ORG
'Estado'	;	LOC
'Messi'	;	PER
'Crivella'	;	PER
'Berlim'	;	LOC
'E La nave va?'	;	MISC
'Poder Executivo'	;	ORG
'Brasil'	;	LOC
'Juliana'	;	PER
'Santiago de Vegas'	;	LOC
'PSDB'	;	ORG
'Secretaria Estadual de Saúde'	;	MISC
'Andre Gazolla'	;	PER
'Odebrecht'	;	ORG
'Steyer'	;	PER
'Ficha Limpa'	;	PER
'Polyanna Vilanova'	;	PER
'Copa do Mundo da carne'	;	MISC
'Folha de S.Paulo'	;	MISC
'São Paulo'	;	LOC
'Luiza'	;	PER
'Câmara dos'	;	LOC
'Busan'	;	LOC
'Celso Vilardi'	;	PER
'Gladys das Neves'	;	PER
'MPF'	;	ORG
'Secretário Estadual'	;	LOC
'Rio de Janeiro'	;	LOC
'R$'	;	PER
'Terça-feira Haisem'	;	LOC
'Transpetro José Antônio'	;	PER
'Spotify'	;	PER
'Paulo Bernardo'	;	PER
'São Paulo'	;	LOC
'Saud'	;	PER
'Distrito Federal'	;	LOC
'Conselho'	;	LOC
'Lula'	;	PER
'Dilma-Temer'	;	ORG
'G1'	;	MISC
'UFG'	;	LOC
'Marcelo Miller'	;	PER
'José Eugênio do Amaral Souza'	;	PER
'UCDB'	;	ORG
'Ficher'	;	PER
'Luiz Inácio Lula da Silva'	;	PER
'Justiça'	;	LOC
'Ronan'	;	LOC
'Conheça'	;	PER
'Ministro de Estado do Trabalho'	;	PER
'Até'	;	PER
'Qual'	;	MISC
'Chevrolet Montana'	;	ORG
'Dia Internacional da Mulher'	;	ORG
'Klienfeld Services Ltd'	;	ORG
'Quadrilhão'	;	LOC
'STF'	;	LOC
'PMDB'	;	ORG
'Acre'	;	LOC
'Marcellus Ferreira Pinto'	;	PER
'Educação'	;	LOC
'Supremo'	;	LOC
'GLO'	;	ORG
'Nelson Luis Oliveira'	;	PER
'Lava Jato'	;	MISC
'Supremo Tribunal'	;	LOC
'Cedric'	;	LOC
'PMDB-ES'	;	LOC
'Rio'	;	LOC
'Esplanada'	;	LOC
'Polícia Federal'	;	LOC
'G1'	;	MISC
'D. Paulo'	;	PER
'Marcos'	;	MISC
'Joseph Anthony Pepe'	;	PER
'Cármen Lúcia'	;	LOC
'Queiroz'	;	PER
'Guarujá'	;	LOC
'PGR'	;	ORG
'PT'	;	ORG
'Lava Jato'	;	MISC
'Brasília'	;	LOC
'estádio de Charlotte'	;	LOC
'Lulinha paz'	;	MISC
'PSDB'	;	ORG
'Rio Pardo'	;	LOC
'Condor'	;	LOC
'Dárcy Vera'	;	PER
'Receita'	;	PER
'Anderson'	;	PER
'PT'	;	ORG
'Supremo Tribunal'	;	LOC
'PSDB'	;	ORG
'João Santana'	;	PER
'Lava'	;	MISC
'MEC'	;	LOC
'Lava'	;	MISC
'Sítio de Atibaia'	;	PER
'R$'	;	PER
'Romero Jucá'	;	PER
'STF'	;	LOC
'Aécio'	;	PER
'Segovia'	;	LOC
'Receita Federal'	;	LOC
'Leia'	;	PER
'Venezuela'	;	LOC
'Procuradoria'	;	LOC
'Brasil'	;	LOC
'Palácio do Planalto'	;	LOC
'Segunda Turma'	;	MISC
'Poliana Bagatini Chaves'	;	PER
'Moro'	;	PER
'Mariana'	;	LOC
'Jeca Tatu'	;	LOC
'Considero'	;	PER
'Tenho'	;	PER
'Caixa Econômica Federal'	;	ORG
'Walther'	;	PER
'Caixa'	;	ORG
'Venezuela'	;	LOC
'Acho'	;	PER
'PTB'	;	ORG
'Henrique Eduardo Alves'	;	PER
'Zanin'	;	PER
'SAIBA'	;	MISC
'Bruno Apolinário'	;	PER
'Leia'	;	PER
'Ministério da Transparência'	;	LOC
'Temer'	;	PER
'Odebrecht'	;	ORG
'SP'	;	LOC
'Izidora for urbanizada'	;	ORG
'Fundação'	;	LOC
'PSDB'	;	ORG
'San Francisco'	;	LOC
'França'	;	LOC
'Programar'	;	LOC
'Tribunal Superior Eleitoral'	;	ORG
'Jéssica*'	;	MISC
'Andrea Neves'	;	PER
'Donald Trump'	;	PER
'Estados Unidos'	;	LOC
'Constituição'	;	ORG
'Janot'	;	PER
'PT'	;	ORG
'Aécio Neves'	;	PER
'Wesley Batista'	;	PER
'Brasil'	;	LOC
'Moscou'	;	LOC
'STF'	;	LOC
'Unfair'	;	LOC
'Palácio do Jaburu'	;	LOC
'Cunha'	;	PER
'PMDB'	;	ORG
'Amanhã o Lula'	;	PER
'Aécio'	;	PER
'Delcídio'	;	PER
'Espírito Santo'	;	LOC
'R$'	;	PER
'Síria'	;	LOC
'São Paulo'	;	LOC
'Paulo Roberto Alves'	;	PER
'Ana Hickmann'	;	PER
'Senado'	;	MISC
'Justiça'	;	ORG
'EBC'	;	ORG
'Petrobrás'	;	ORG
'Lousiana'	;	LOC
'Polícia Militar'	;	LOC
'Globo'	;	ORG
'Richa'	;	PER
'Estado'	;	LOC
'O Globo'	;	ORG
'Moro'	;	ORG
'PSDB'	;	ORG
'PT-RS'	;	MISC
'Boa Vista'	;	LOC
'Corte'	;	LOC
'Rio de Janeiro'	;	LOC
'Ronnie Herbert Barros Soares'	;	PER
'PSD'	;	ORG
'NOAA'	;	ORG
'Lula'	;	PER
'G1'	;	MISC
'Palácio do Planalto'	;	LOC
'Zumbi'	;	PER
'Judiciário'	;	LOC
'Páscoa'	;	MISC
'Lula'	;	PER
'Léo'	;	ORG
'Delcídio do Amaral'	;	PER
'Odebrecht'	;	ORG
'Luciano Huck'	;	PER
'Dilma-Temer'	;	ORG
'Postalis'	;	LOC
'No Portal da Transparência'	;	MISC
'CBF'	;	ORG
'Alexandre Baldy'	;	PER
'Asa Sul'	;	LOC
'Cristiane'	;	LOC
'G1'	;	MISC
'Comissão Mista de Orçamento'	;	ORG
'GloboNews'	;	MISC
'Stock Car'	;	ORG
'Ministério da \n'	;	LOC
'Câmara dos'	;	LOC
'Temer'	;	PER
'Rússia'	;	LOC
'Onix Lorenzoni'	;	PER
'Dilma'	;	MISC
'PSDB'	;	ORG
'Antônio Carlos Vieira da Silva'	;	PER
'Câmara'	;	ORG
'G1'	;	MISC
'Previdência'	;	LOC
'Luiz Felipe'	;	PER
'Supremo Tribunal'	;	LOC
'Ana Lúcia Vilela'	;	PER
'Cavalcanti'	;	PER
'Potengy'	;	LOC
'MTST'	;	MISC
'Silveira'	;	PER
'Comissão de Ética'	;	ORG
'Souza'	;	PER
'Time’sUp'	;	MISC
'Jorge Rachid'	;	PER
'Luiz'	;	PER
'Penitenciária Nelson Hungria'	;	ORG
'Receita Federal Eduardo Cerqueira Leite'	;	LOC
'Espírito Santo'	;	LOC
'PSC'	;	ORG
'Lula'	;	PER
'Marcelo'	;	MISC
'Congresso'	;	LOC
'Assembleia Legislativa do Rio'	;	LOC
'Marcelo'	;	MISC
'FAO'	;	ORG
'Andrea Von Zuben'	;	PER
'Rio'	;	LOC
'Lava Jato'	;	MISC
'Dilma'	;	MISC
'Bahia'	;	LOC
'Emerson Wendt'	;	PER
'Petrobrás'	;	ORG
'Benedicto Barbosa da Silva Júnior'	;	PER
'’'	;	MISC
'Romero Jucá'	;	PER
'Lula —'	;	MISC
'MC Tocha'	;	LOC
'R$'	;	LOC
'Metrô'	;	LOC
'Semiárido'	;	LOC
'Óscar Pérez'	;	PER
'Renan'	;	PER
'PSDB'	;	ORG
'Fachin'	;	PER
'Lula'	;	PER
'Transpetro'	;	LOC
'Globo'	;	ORG
'Lava'	;	MISC
'Temer'	;	ORG
'V.'	;	LOC
'Impeachment'	;	MISC
'Sepúlveda Pertence'	;	PER
'Câmara'	;	ORG
'País'	;	LOC
'Temer'	;	PER
'Tatiana'	;	LOC
'Joesley Batista'	;	PER
'PSDB'	;	ORG
'SP'	;	LOC
'Delcídio Amaral'	;	PER
'Michel Temer'	;	PER
'Batalhão de Polícia do Exército'	;	LOC
'Palácio do Planalto'	;	LOC
'Dirceu'	;	LOC
'Francisco Santiago'	;	PER
'Rodrigo Janot'	;	PER
'PGR'	;	ORG
'Brasil'	;	LOC
'Pressionado'	;	LOC
'Curitiba'	;	LOC
'US$'	;	LOC
'História'	;	LOC
'STF'	;	LOC
'Corte'	;	ORG
'Alex'	;	MISC
'Comentário no Jornal Eldorado da Rádio Eldorado – FM 107	;	MISC
'Dirceu'	;	LOC
'Ministério da Saúde'	;	LOC
'Ministério do Trabalho'	;	LOC
'Luiz Roberto Barroso'	;	PER
'Direito'	;	LOC
'Operação Lava Jato'	;	MISC
'Rogério Avelino'	;	PER
'Força do Povo'	;	MISC
'Barata Filho'	;	PER
'Maria'	;	PER
'Ministério Público'	;	MISC
'R$'	;	PER
'Rumo'	;	PER
'JULGAMENTO'	;	MISC
'Luiz Inácio Lula da Silva'	;	PER
'Medicina Nuclear'	;	MISC
'Moro'	;	PER
'Sérgio Moro'	;	PER
'Supremo'	;	LOC
'Lula'	;	PER
'Senado'	;	MISC
'Plano Real'	;	MISC
'PSDB-MG'	;	ORG
'Palácio do Planalto'	;	LOC
'estado de São Paulo'	;	LOC
'Ferrovia Norte-Sul'	;	LOC
'Dilma'	;	MISC
'Cunha'	;	LOC
'Herman Benjamin'	;	PER
'Janot'	;	PER
'Brasil'	;	LOC
'Lew Toulmin'	;	PER
'Deus'	;	PER
'PM'	;	LOC
'Michel Temer'	;	PER
'Síntese de Indicadores Sociais:'	;	MISC
'Justiça'	;	LOC
'R$ 328 bilhões'	;	MISC
'Câmara'	;	LOC
'Cinzeiro'	;	LOC
'DF'	;	LOC
'Pedidos'	;	MISC
'José Aníbal'	;	PER
'Maia'	;	LOC
'Constituição'	;	ORG
'STF'	;	LOC
'Minha'	;	PER
'Flávio Dino'	;	PER
'Humberto Martins'	;	PER
'Renan'	;	PER
'Dilma'	;	PER
'G1'	;	MISC
'Congresso'	;	LOC
'Michel Temer'	;	PER
'Palácio do Planalto'	;	LOC
'Associação Comercial'	;	ORG
'Tribunal de Contas'	;	LOC
'Delcídio do Amaral'	;	PER
'G1'	;	MISC
'Veja'	;	MISC
'Progredir'	;	LOC
'Geddel'	;	PER
'R$'	;	PER
'Sambódromo do Anhembi'	;	LOC
'Primeira Turma da Corte'	;	MISC
'Supremo Tribunal Federal'	;	LOC
'G1'	;	MISC
'Guará'	;	LOC
'Serviços'	;	LOC
'Lauro Jardim'	;	MISC
'Microsoft'	;	ORG
'Torquato'	;	PER
'Supremo'	;	LOC
'Justiça Deflagrada'	;	ORG
'Odebrecht'	;	ORG
'Congresso Nacional'	;	LOC
'Rozângela Alves Justino'	;	PER
'Minas Gerais'	;	LOC
'Guarujá'	;	LOC
'TRF-4'	;	MISC
'MP'	;	ORG
'Brasil'	;	LOC
'Lula'	;	PER
'STF'	;	LOC
'Edson Fachin'	;	PER
'Gastam'	;	MISC
'Secretaria de Governo'	;	ORG
'Rio'	;	LOC
'‘interdição’ de Bendine'	;	MISC
'PB'	;	LOC
'Lava Jato'	;	MISC
'Alexandre de Moraes'	;	PER
'Supremo'	;	LOC
'Herman Benjamin'	;	PER
'Jabaquara'	;	LOC
'Ouça'	;	PER
'DJs'	;	MISC
'G1'	;	MISC
'Eldorado 10 de julho'	;	MISC
'Bruno'	;	PER
'Darcy Alves Ferreira'	;	PER
'Herman Benjamin'	;	PER
'Alemanha'	;	LOC
'Boulos'	;	LOC
'Maia'	;	LOC
'Youssef'	;	MISC
'Zona Norte do Rio'	;	LOC
'Petrobras'	;	ORG
'Conselho Nacional de \n'	;	ORG
'Sérgio Moro'	;	PER
'ES'	;	LOC
'Ricardo José Meirelles da Motta'	;	PER
'Lula'	;	PER
'Gilmar Mendes'	;	PER
'Lava'	;	LOC
'Mendonça Filho'	;	PER
'CCJ'	;	ORG
'Rússia'	;	LOC
'Janot'	;	PER
'PP-SP'	;	MISC
'Minas Gerais'	;	LOC
'Centro de São Paulo'	;	LOC
'Romero Jucá'	;	PER
'Lei de Diretrizes Orçamentárias'	;	MISC
'CNA'	;	ORG
'Temer'	;	LOC
'Maurício Boscardi Grillo'	;	PER
'Jair Bolsonaro'	;	PER
'Supremo Tribunal'	;	LOC
'Eldorado'	;	MISC
'Câmara'	;	ORG
'PT'	;	ORG
'Estado'	;	LOC
'Barroso'	;	LOC
'Procuradoria-Geral da República'	;	LOC
'Marcelo Odebrecht'	;	PER
'Palácio da \n'	;	LOC
'Itaim Bibi'	;	LOC
'Dilma'	;	PER
'presidente da República'	;	MISC
'Benedicto Barbosa'	;	ORG
'Instituto'	;	ORG
'Aloysio Nunes Ferreira'	;	PER
'Meirelles'	;	PER
'PT'	;	ORG
'Luiz Inácio Lula da Silva'	;	PER
'Supremo'	;	LOC
'Ribeirão Preto'	;	LOC
'Porto Alegre'	;	LOC
'Brasil'	;	LOC
'Zona'	;	LOC
'Previdência'	;	LOC
'Brasil'	;	LOC
'Previdência'	;	LOC
'Janine'	;	MISC
'Walter Braga Netto'	;	PER
'Câmara dos Deputados'	;	LOC
'Irã'	;	LOC
'Exército'	;	ORG
'PT'	;	ORG
'Facebook'	;	MISC
'Steve Carell'	;	PER
'CUT'	;	ORG
'Câmara'	;	ORG
'Comentário no Jornal Eldorado da Rádio Eldorado – FM 107	;	MISC
'Maxime Hauchard'	;	PER
'Comissão'	;	ORG
'Odebrecht'	;	ORG
'Joesley'	;	PER
'R$'	;	MISC
'Legislativo e Judiciário'	;	MISC
'Temer'	;	PER
'Antonio Palocci'	;	PER
'Fernandes Rodrigues'	;	PER
'Paula Sato'	;	PER
'Sirius'	;	LOC
'Henrique Meirelles'	;	PER
'Teori Zavascki'	;	PER
'G1'	;	MISC
'País'	;	LOC
'Câmara'	;	ORG
'Supremo'	;	LOC
'Quero'	;	PER
'PT'	;	ORG
'Amapá'	;	LOC
'O Comando do \n'	;	MISC
'Funaro'	;	LOC
'El'	;	MISC
'Inquérito Policial Militar'	;	MISC
'Clenan Renaut'	;	PER
'Esú'	;	LOC
'Ministério'	;	MISC
'Região Serrana do RJ'	;	LOC
'Tribunal Superior Eleitoral'	;	ORG
'Casa'	;	PER
'Alto Paranaíba'	;	LOC
'Código de Processo Penal'	;	MISC
'Eduardo Carnelós'	;	PER
'Repórteres da BBC'	;	LOC
'Moro'	;	PER
'Acrux'	;	PER
'Azerbaijão'	;	LOC
'Sob Pressão'	;	MISC
'Michel Temer'	;	PER
'Curitiba'	;	LOC
'Glaucos Lula'	;	ORG
'Paróquia de Santo'	;	LOC
'G1'	;	MISC
'PGR'	;	ORG
'Santo André'	;	LOC
'Marie Curie'	;	PER
'Marcus Vinícius Aguiar'	;	PER
'Natal'	;	LOC
'Sergio Moro'	;	PER
'TSE'	;	ORG
'Saiba'	;	LOC
'STF'	;	LOC
'‘'	;	PER
'Lula'	;	PER
'Rodrigo Rios'	;	PER
'Brasília'	;	LOC
'Câmara'	;	ORG
'Boeing'	;	ORG
'Dilma Rousseff'	;	PER
'Estádio Olímpico'	;	LOC
'Virgílio'	;	PER
'Brasil'	;	LOC
'Robinson 44'	;	MISC
'Centro Integrado de Comando'	;	LOC
'CCJ'	;	ORG
'Antônio Carlos Belchior'	;	PER
'CNI'	;	LOC
'São Paulo'	;	LOC
'Palmas'	;	LOC
'Trabalho'	;	MISC
'TCE'	;	ORG
'Luiz'	;	PER
'Conforta-me'	;	PER
'Laboratório de Ciência da Cognição do Departamento de Fisiologia do Instituto de Biologia da USP'	;	LOC
'Palácio do Planalto'	;	LOC
'R$'	;	PER
'FVS-AM'	;	LOC
'PSC-SE'	;	ORG
'J&F'	;	ORG
'Promotoria paulista'	;	LOC
'TCE-MT'	;	MISC
'Lava Jato'	;	PER
'Planalto'	;	LOC
'Lula'	;	PER
'Cabral'	;	PER
'Federação das Empresas de Transportes de Passageiros do Estado do Rio'	;	LOC
'Associação'	;	ORG
'Brasil'	;	LOC
'Medida Provisória'	;	MISC
'R$'	;	PER
'Henrique Alves'	;	PER
'Francisco Beltrão'	;	LOC
'Justiça Federal'	;	LOC
'Petrobras'	;	ORG
'rio Bidassoa'	;	LOC
'G1'	;	MISC
'AGU'	;	ORG
'Postalis'	;	LOC
'Luiz Inácio Lula'	;	PER
'José Carlos Bumlai'	;	PER
'Lula'	;	PER
'Buscaremos'	;	ORG
'Saud'	;	LOC
'Vitória'	;	ORG
'Vera Cruz'	;	LOC
'STF'	;	LOC
'Abkházia'	;	LOC
'Paripueira'	;	LOC
'Sérgio Moro'	;	PER
'PSDB'	;	ORG
'Sequer'	;	PER
'Cooperativa Habitacional dos Bancários de São'	;	LOC
'Presidência'	;	MISC
'Delcídio'	;	PER
'Zona Sul de Porto Alegre'	;	LOC
'Sepúlveda'	;	PER
'2ª Turma do Supremo Tribunal Federal'	;	MISC
'Estado Islâmico'	;	ORG
'presidente da República'	;	MISC
'Lula'	;	PER
'Lula'	;	PER
'Trump'	;	PER
'Sindiposto'	;	LOC
'R$'	;	PER
'Temer'	;	PER
'ABC Paulista'	;	LOC
'Coluna'	;	ORG
'Primeira Turma do STF'	;	MISC
'Cannabis sativa'	;	ORG
'Alípio Filho'	;	PER
'Fórum Criminal'	;	LOC
'Sabemos'	;	ORG
'usina de Angra 3'	;	LOC
'Luiz Inácio Lula da Silva'	;	PER
'Lula'	;	PER
'Dilma Rousseff'	;	PER
'Michel Temer'	;	PER
'PEC'	;	ORG
'CPP'	;	ORG
'CBN'	;	ORG
'OUTRAS DO'	;	MISC
'Consulta isso'	;	MISC
'Janot'	;	PER
'Tribunal Regional Federal da 4.ª Região'	;	ORG
'Justiça'	;	ORG
'Judiciário'	;	PER
'Maceió'	;	LOC
'CCJ'	;	ORG
'Parlamento'	;	ORG
'PT-PR'	;	MISC
'Operação Lava Jato'	;	MISC
'Comentário no Jornal Eldorado da Rádio Eldorado – FM 107	;	MISC
'Operação'	;	MISC
'Decreto'	;	LOC
'Lula'	;	PER
'Supremo Tribunal Federal'	;	LOC
'MEC'	;	LOC
'Fachin'	;	PER
'PMDB-RS'	;	ORG
'Michel Temer'	;	PER
'MPF'	;	MISC
'Dilma'	;	PER
'STF'	;	LOC
'Lava Jato'	;	MISC
'PR'	;	MISC
'Lava'	;	MISC
'Temer'	;	PER
'Dilma'	;	MISC
'Delcídio'	;	PER
'PDT'	;	ORG
'Até'	;	PER
'Odebrecht'	;	ORG
'Mesa Diretora'	;	MISC
'Produto Interno Bruto'	;	MISC
'Comentário no Jornal Eldorado da Rádio Eldorado – FM 107	;	MISC
'São Paulo'	;	LOC
'Cuiabá'	;	LOC
'Marisa Letícia'	;	PER
'Sérgio Moro'	;	PER
'Dilma Rousseff'	;	PER
'Cinematografia'	;	PER
'Rio de Janeiro'	;	LOC
'UnB'	;	LOC
'Pyongyang'	;	LOC
'Operação Lava Jato'	;	MISC
'Fantástico'	;	MISC
'Ministério Público de São'	;	LOC
'EUA'	;	LOC
'Procuradoria Geral do Estado do Rio de'	;	ORG
'‘Canteiros'	;	MISC
'Imagine'	;	PER
'Coreia'	;	LOC
'MPF'	;	MISC
'Broadcast Político'	;	LOC
'Sartori'	;	PER
'Luiz Cláudio Lula'	;	PER
'Marcelo'	;	MISC
'Marcela'	;	PER
'José Sarney'	;	PER
'US$'	;	LOC
'Edson Fachin'	;	PER
'Gripen'	;	PER
'Nestor Cuñat Cerveró'	;	PER
'Segovia'	;	LOC
'TRF-4'	;	MISC
'Campo'	;	LOC
'Samarco'	;	PER
'Curitiba'	;	LOC
'Justiça Federal do Paraná'	;	LOC
'Sérgio Luiz Duarte'	;	PER
'Hospital'	;	LOC
'SP'	;	LOC
'São Paulo'	;	LOC
'Moro'	;	PER
'Brasília'	;	LOC
'Merkel'	;	PER
'José Zoéga Coelho'	;	PER
'Trump'	;	PER
'PGR'	;	ORG
'Bolsonaro'	;	LOC
'Estado'	;	LOC
'Estados Unidos'	;	LOC
'Coração de \n'	;	MISC
'Fórum'	;	ORG
'Jungmann'	;	PER
'Sérgio Moro'	;	PER
'Lava'	;	MISC
'PSDB'	;	ORG
'Bruno'	;	PER
'PMDB'	;	ORG
'Marisa'	;	PER
'Senado'	;	MISC
'PT'	;	ORG
'Lula'	;	PER
'Operação Lava Jato'	;	MISC
'TRF-4'	;	MISC
'Vila Cidadã do Fórum Mundial da Água'	;	LOC
'Embraer'	;	ORG
'Alvorada'	;	MISC
'Exército brasileiro'	;	ORG
'Associação Brasileira de Jornalismo'	;	ORG
'Alckmin'	;	PER
'Transpetro Sérgio Machado'	;	PER
'Autor'	;	MISC
'Senado'	;	MISC
'Dilma Rousseff'	;	PER
'Aldrin Bentes Pontes'	;	PER
'LILS'	;	ORG
'Puccinelli'	;	PER
'Ivete'	;	PER
'Lula'	;	PER
'AC'	;	ORG
'Jefferson'	;	PER
'Kuczynski'	;	PER
'Centro de Observação Criminológica e Triagem Professor'	;	ORG
'Glaucos'	;	MISC
'Superintendência da Polícia Federal'	;	MISC
'Temer'	;	PER
'Maria Lúcia Guimarães Tavares'	;	PER
'SPTrans'	;	LOC
'Nova York'	;	LOC
'OMC'	;	ORG
'Rede-AP'	;	ORG
'Medida Provisória'	;	MISC
'BBC Brasil'	;	ORG
'Feira de Santana'	;	LOC
'Marcelo Bahia Odebrecht'	;	PER
'Trabalho e Rendimento do IBGE'	;	PER
'Polícia Federal'	;	LOC
'Eldorado 2 de janeiro de 2018'	;	MISC
'Operação Lava Jato'	;	MISC
'Lula'	;	PER
'Temer'	;	ORG
'PT'	;	ORG
'Lara Fleury Borges'	;	PER
'R$'	;	MISC
'MPF'	;	ORG
'Cármen Lúcia'	;	PER
'Levanta'	;	MISC
'Bob'	;	PER
'Prefeitura do Rio'	;	LOC
'PSDB'	;	ORG
'Superintendência de Controle de Endemias'	;	MISC
'Diversidade'	;	LOC
'Brasil'	;	LOC
'Estado'	;	LOC
'Complexo Médico Penal'	;	LOC
'Aline Roberta Fagundes'	;	PER
'Secretaria de Orçamento'	;	MISC
'de Campinas'	;	LOC
'Luiz Carlos Trabuco'	;	PER
'Assembleia'	;	ORG
'Rio Grande do Sul'	;	LOC
'Benjamin'	;	PER
'Lula'	;	PER
'TRF-4'	;	MISC
'Dellagnelo'	;	PER
'Era o Hotel Cambridge'	;	MISC
'‘'	;	MISC
'Diário Oficial da União'	;	MISC
'Brasil'	;	LOC
'Instituto Lula'	;	ORG
'Aedes aegypti'	;	MISC
'R$'	;	PER
'Justiça'	;	ORG
'Constituição Federal'	;	ORG
'Palácio da Alvorada'	;	LOC
'Zona Norte'	;	LOC
'Caixa'	;	ORG
'Uruguai'	;	LOC
'Procedimento de Investigação Criminal do \n'	;	MISC
'‘tralhas’'	;	MISC
'Chauvet'	;	PER
'Street View Google'	;	ORG
'Minas Gerais'	;	LOC
'Minas Gerais'	;	LOC
'Comentário no Jornal Eldorado da Rádio Eldorado – FM 107	;	MISC
'Luiz Inácio Lula da Silva'	;	PER
'Temer'	;	PER
'Selic'	;	LOC
'Estados Unidos'	;	LOC
'Guido Mantega'	;	PER
'Passei'	;	LOC
'Marcelo Odebrecht'	;	PER
'Lula'	;	PER
'Bolsonaro'	;	PER
'Ficha Limpa'	;	PER
'PT'	;	ORG
'Polícia Civil'	;	LOC
'PMDB'	;	ORG
'Herman Benjamin'	;	PER
'Programas de Jornadas'	;	MISC
'Superior Tribunal de Justiça'	;	ORG
'Polícia Federal'	;	LOC
'Porto Alegre'	;	LOC
'Macaco'	;	MISC
'Silveste'	;	LOC
'UnB'	;	LOC
'Polícia Civil'	;	LOC
'Lula'	;	PER
'Alvorada'	;	LOC
'Tribunal de Contas da União'	;	ORG
'Justiça'	;	LOC
'Receita'	;	LOC
'Comentário no Jornal Eldorado da Rádio Eldorado – FM 107	;	MISC
'PSDB'	;	ORG
'BBC Brasil'	;	ORG
'TSE'	;	ORG
'Java'	;	LOC
'OMS'	;	ORG
'Dilma Rousseff'	;	PER
'G1'	;	MISC
'José Moura de Melo'	;	PER
'Peter Langman'	;	PER
'Secretaria Municipal de Saúde'	;	LOC
'Torquato Jardim'	;	PER
'Rômulo'	;	PER
'Dilma Rousseff'	;	PER
'Tribunal Regional Eleitoral'	;	ORG
'Estados Unidos'	;	LOC
'Procuradoria-Geral da República'	;	LOC
'Thiago Flores'	;	ORG
'Lula'	;	PER
'Américas'	;	LOC
'PF'	;	LOC
'Palácio do Planalto'	;	LOC
'França'	;	LOC
'Região Metropolitana do RJ'	;	LOC
'Região Metropolitana de Curitiba'	;	LOC
'Vocês'	;	MISC
'Monte Negro'	;	LOC
'Estados'	;	LOC
'BBC'	;	ORG
'Lava Jato'	;	PER
'G1'	;	MISC
'América do Sul'	;	LOC
'Gerson Xavier Santana'	;	PER
'Munro'	;	PER
'Luiz Inácio Lula da Silva'	;	PER
'São Paulo'	;	LOC
'Centro Administrativo'	;	ORG
'Geraldo Alckmin'	;	PER
'R$'	;	PER
'YouTube'	;	MISC
'RHs'	;	MISC
'Rio'	;	LOC
'Exército'	;	ORG
'Solaris'	;	MISC
'Centro-Oeste'	;	LOC
'Vaticano'	;	LOC
'Justiça'	;	LOC
'R$'	;	LOC
'Centro do Rio'	;	LOC
'Nordeste'	;	LOC
'Góes'	;	PER
'Glaucos da Costamarques'	;	PER
'TRE-RS'	;	LOC
'Batista'	;	PER
'São Bernardo'	;	LOC
'Programa Braços Abertos'	;	MISC
'Justiça'	;	ORG
'Lula'	;	PER
'Zona Sul'	;	LOC
'Zona Oeste'	;	LOC
'Fernando Haddad'	;	PER
'US$'	;	LOC
'Partido dos Trabalhadores João Vaccari Neto'	;	ORG
'Brasília'	;	LOC
'Steiner'	;	PER
'R$'	;	PER
'Pernambuco'	;	LOC
'Tico-Tico no Fubá'	;	MISC
'RELATÓRIO'	;	MISC
'MZM'	;	ORG
'Senado'	;	MISC
'Petrobras'	;	ORG
'PSDB'	;	ORG
'Guarujá'	;	LOC
'Adele Benzaken'	;	PER
'8ª Turma do'	;	MISC
'Estado Islâmico'	;	LOC
'Comunicações'	;	ORG
'Michel Temer'	;	PER
'VÍDEO'	;	MISC
'‘Estado Islâmico'	;	MISC
'Maria da Penha dos Santos'	;	PER
'Celso de Mello'	;	PER
'PSDB-MG'	;	ORG
'Ministério Público Federal'	;	ORG
'MC Daleste'	;	LOC
'Eduardo Costa Vaz'	;	PER
'Brasil'	;	LOC
'Reikjavik'	;	LOC
'Área Internacional da Petrobras Nestor Cerveró'	;	ORG
'Collor'	;	PER
'Luiz Inácio Lula'	;	PER
'VTPB Serviços Gráficos'	;	MISC
'R$'	;	PER
'Estados'	;	LOC
'Edna Assunção de Araújo'	;	PER
'PSB'	;	ORG
'Conectas Direitos Humanos'	;	MISC
'Tom Hanks'	;	PER
'Maurício Mendonça'	;	PER
'Pátio'	;	LOC
'José Carlos Bumlai'	;	PER
'Paraná'	;	LOC
'Brasil'	;	LOC
'Goiânia'	;	LOC
'Odebrecht'	;	ORG
'Luiz Marinho + ‘Desembargadores'	;	PER
'R$'	;	PER
'José Zaragoza'	;	PER
'Fundo Partidário'	;	ORG
'Segovia'	;	LOC
'Comitê'	;	ORG
'Justiça'	;	LOC
'IFI'	;	ORG
'Congresso'	;	LOC
'Síria'	;	LOC
'Collor 2'	;	MISC
'Campo Grande'	;	LOC
'Guarujá'	;	LOC
'Brasil'	;	LOC
'William'	;	PER
'Fórum Brasileiro de Segurança Pública'	;	LOC
'Paula Díaz'	;	PER
'Estado'	;	LOC
'STF'	;	LOC
'Secretaria de \n'	;	MISC
'Temer'	;	PER
'BHP'	;	ORG
'África'	;	LOC
'Leandro Daiello'	;	PER
'Índice Nacional de Preços'	;	MISC
'Joesley Batista'	;	PER
'Joesley Batista'	;	PER
'Melhor'	;	MISC
'Palácio do Planalto'	;	LOC
'Dalasam'	;	PER
'Corre'	;	LOC
'Jessica'	;	MISC
'Michel Temer'	;	PER
'Faculdade de Medicina'	;	LOC
'César Salce'	;	PER
'Etchgoyen'	;	PER
'Universidade Federal do Pará'	;	LOC
'Harvard'	;	LOC
'Chile Vamos'	;	PER
'Meirelles'	;	PER
'PF'	;	LOC
'Bruno'	;	PER
'Plano'	;	MISC
'Carlos Marun'	;	PER
'Instituto Lula'	;	ORG
'Itália Fascista'	;	LOC
'Estado'	;	LOC
'Cambridge Analytica'	;	ORG
'PT'	;	ORG
'Bom Dia Brasil'	;	LOC
'Moro'	;	PER
'Ministério Público'	;	MISC
'Operação Lava Jato'	;	MISC
'Bolsa'	;	ORG
'Pertence'	;	LOC
'Sarney'	;	PER
'Bergman'	;	PER
'Marcelo Calero'	;	PER
'Fred Queiroz'	;	PER
'Comentário no Jornal Eldorado da Rádio Eldorado – FM 107	;	MISC
'Luciano Huck'	;	PER
'Justiça'	;	ORG
'TCU'	;	MISC
'Primeira Turma'	;	MISC
'Paulo Gordilho'	;	PER
'Dilma-Temer'	;	PER
'G1'	;	MISC
'Bahia'	;	LOC
'SisFies'	;	MISC
'SC'	;	LOC
'Bruxelas'	;	LOC
'PSDB'	;	ORG
'Aedes'	;	PER
'MP'	;	ORG
'Lula'	;	MISC
'Pinheiro Neto'	;	PER
'Facebook'	;	MISC
'PEC'	;	ORG
'Holmes'	;	PER
'Macri'	;	LOC
'Ministério do Interior'	;	LOC
'Polícia Federal'	;	LOC
'Ives Gandra'	;	MISC
'PRR-2'	;	MISC
'Luiz Carlos da Rocha'	;	PER
'Câmara dos Deputados'	;	LOC
'Minha atitude'	;	MISC
'Previdência'	;	LOC
'São Sebastião'	;	PER
'‘Meu'	;	PER
'Tudo'	;	MISC
'País'	;	LOC
'Pacífico'	;	LOC
'A Comissão de Constituição'	;	ORG
'Segovia'	;	LOC
'Rio'	;	LOC
'Supremo Tribunal'	;	LOC
'Conselho'	;	ORG
'Constituição'	;	ORG
'Casa da Moeda'	;	LOC
'G'	;	MISC
'Ministério de Governo da Bolívia'	;	LOC
'Síria'	;	LOC
'Odebrecht'	;	ORG
'Dilma-Temer'	;	ORG
'Lula'	;	PER
'Auditório do Fórum'	;	LOC
'Tribunal de Justiça de São'	;	ORG
'Estado'	;	LOC
'PSDB'	;	ORG
'Rio de Janeiro'	;	LOC
'Lula'	;	PER
'Collins'	;	LOC
'Paraná'	;	LOC
'Gustavo Guedes'	;	PER
'Coreia'	;	LOC
'Leslye'	;	PER
'Instituto Lula'	;	ORG
'Cunha'	;	MISC
'TCE-RJ'	;	MISC
'Presidência da República'	;	MISC
'Paraná'	;	LOC
'Imagine'	;	PER
'Guarujá'	;	LOC
'Michel Temer'	;	PER
'SC'	;	ORG
'Operação Lava Jato'	;	MISC
'Facebook'	;	MISC
'Produto Interno Bruto'	;	LOC
'A Distribuidora de Títulos Imobiliários'	;	MISC
'Brasil'	;	LOC
'BND'	;	ORG
'Michel Temer'	;	PER
'Polícia Federal'	;	LOC
'R$'	;	PER
'Zona Sul do Rio'	;	LOC
'furacão Irma'	;	MISC
'Mega-Sena'	;	MISC
'Conselho Nacional de Desenvolvimento Científico e Tecnológico'	;	ORG
'Osmar Serraglio'	;	PER
'Paraná'	;	LOC
'‘'	;	MISC
'Goiás'	;	LOC
'Distrito Federal'	;	LOC
'Teori'	;	PER
'MP'	;	ORG
'Turquia'	;	LOC
'—'	;	LOC
'Câmara'	;	ORG
'ONU'	;	ORG
'Síria'	;	LOC
'Iskin'	;	PER
'Lava Jato'	;	PER
'Alberto Toron'	;	PER
'José Carlos Bumlai'	;	PER
'São José do Norte'	;	LOC
'Brasil'	;	LOC
'Câmara de Mogi das Cruzes'	;	ORG
'Brasil'	;	LOC
'Clichês'	;	MISC
'Rosa Weber'	;	PER
'Rosa Weber'	;	PER
'Datafolha'	;	MISC
'Constantino'	;	PER
'São Paulo'	;	LOC
'R$'	;	PER
'Câmara'	;	ORG
'Doria'	;	PER
'Israel'	;	LOC
'Obama'	;	PER
'Iraque'	;	LOC
'Natal'	;	MISC
'Associated Press'	;	ORG
'Laurentina Francisca da Silva'	;	LOC
'SÍRIA'	;	MISC
'São Luís'	;	LOC
'Uberlândia'	;	LOC
'Aaron Hernandez'	;	PER
'UFPB'	;	LOC
'Kuczynski'	;	PER
'SÃO PAULO'	;	LOC
'Pinato'	;	PER
'Guedes'	;	LOC
'Rio'	;	LOC
'Eduardo Paes'	;	PER
'Dilma-Temer'	;	PER
'PR-ES'	;	MISC
'Estados'	;	LOC
'Samarco'	;	LOC
'TRF-4'	;	MISC
'Polícia Militar do Rio de Janeiro'	;	LOC
'Bovespa'	;	ORG
'Dois de Julho'	;	LOC
'Universidade de Chicago'	;	LOC
'Suíça'	;	LOC
'ACM Neto'	;	PER
'Península da Coreia'	;	LOC
'R$'	;	PER
'Rodrigo Janot'	;	PER
'Sabesp'	;	ORG
'Francisco'	;	PER
'Presidente'	;	MISC
'Zona Oeste do Recife'	;	LOC
'Instituto'	;	ORG
'STF'	;	LOC
'Patriota'	;	MISC
'Ponto Frio'	;	LOC
'JBS'	;	ORG
'José Luiz Casati'	;	PER
'Lula'	;	PER
'Síria'	;	LOC
'Caixa'	;	ORG
'Eric Olsen'	;	PER
'Alcaçuz'	;	LOC
'MBA'	;	PER
'Tribunal de Justiça'	;	ORG
'Temer'	;	PER
'Dilma'	;	PER
'Previdência Municipal de São Paulo'	;	LOC
'CI-Brasil'	;	ORG
'Amaggi'	;	ORG
'Cuba'	;	LOC
'Tribunal Regional Federal da 3ª Região'	;	ORG
'Semana Santa'	;	LOC
'Osasco'	;	LOC
'Ariano'	;	PER
'Baixada Fluminense'	;	LOC
'JBS'	;	ORG
'Conselho de Ética'	;	ORG
'Forças Armadas'	;	ORG
'Dilma Janete Vana Rousseff Linhares'	;	PER
'Pimentel'	;	PER
'Operação Calicute'	;	MISC
'Brasil'	;	LOC
'Zara Larsson'	;	PER
'Palácio do Planalto'	;	LOC
'Doria'	;	PER
'RF'	;	LOC
'Eldorado'	;	LOC
'G1'	;	MISC
'Avenida Paulista'	;	LOC
'Zona Leste de São Paulo'	;	LOC
'Sérgio Machado'	;	PER
'Juan'	;	PER
'Seul'	;	LOC
'Quinta-feira Ontem'	;	MISC
'Goergen'	;	PER
'Coreia do Norte'	;	LOC
'Abecip'	;	ORG
'Joesley Batista'	;	PER
'Antônio Fernandes Toninho Costa'	;	PER
'Centro'	;	LOC
'Sobe'	;	PER
'BBC Brasil'	;	ORG
'Carlos Geovani Cirilo'	;	PER
'Forças Armadas'	;	ORG
'Fernando Henrique'	;	PER
'Festival de Curitiba'	;	MISC
'Rosinha'	;	PER
'BNCC'	;	ORG
'Horácio Cartes'	;	PER
'Rio'	;	LOC
'Lula'	;	PER
'Ibovespa'	;	MISC
'Obama'	;	PER
'IMEI'	;	MISC
'Barros'	;	ORG
'Brasília'	;	LOC
'Comentário no Jornal'	;	MISC
'Meirelles'	;	PER
'Fúria'	;	PER
'Senado'	;	MISC
'Glaucos da CostaMarques'	;	MISC
'Rio de \n'	;	LOC
'Suécia'	;	LOC
'Fernando Barros'	;	PER
'R$'	;	MISC
'Alckmin'	;	PER
'Otto'	;	PER
'Ciência e a Cultura'	;	LOC
'País'	;	LOC
'CNJ'	;	ORG
'Rio de Janeiro'	;	LOC
'Luiz Inácio Lula da Silva'	;	PER
'Jackie'	;	PER
'Luiz Inácio Lula da Silva'	;	PER
'Barroso'	;	LOC
'Correios'	;	LOC
'Santíssimo'	;	PER
'Luiz Inácio'	;	PER
'PMDB-RJ'	;	ORG
'La Bête'	;	MISC
'Fábio Hori Yonamine'	;	ORG
'Palocci'	;	MISC
'Sargeant Marine'	;	PER
'TSE'	;	ORG
'Michel Temer'	;	PER
'Medellín'	;	LOC
'Kim Yo-jong'	;	PER
'Sul'	;	LOC
'Sesc Ipiranga'	;	LOC
'Aceitei'	;	PER
'Supremo'	;	LOC
'Thompson Flores'	;	PER
'Instituto de'	;	LOC
'Marcelo'	;	MISC
'R$'	;	MISC
'Coreia do Norte'	;	LOC
'Paris'	;	LOC
'O senhor'	;	MISC
'Mark Zuckerberg'	;	MISC
'Shinzo Abe'	;	PER
'Guarujá'	;	LOC
'Neide Maria Ferreira da Silva'	;	PER
'Rádio'	;	ORG
'R$ 45'	;	MISC
'Benfica'	;	LOC
'Facebook'	;	MISC
'Eaaf'	;	ORG
'Tribunal Regional Federal'	;	ORG
'Femmenino'	;	PER
'Scheidel'	;	LOC
'USP'	;	LOC
'Pedro Barusco'	;	LOC
'Martins'	;	PER
'Estado'	;	LOC
'Baía de Guanabara'	;	LOC
'França'	;	LOC
'Baleia'	;	LOC
'RJ'	;	MISC
'Vila'	;	LOC
'Dono'	;	PER
'Paracatu'	;	LOC
'Misha Glenny'	;	PER
'Complexo do Alemão'	;	LOC
'Terra Mitica'	;	LOC
'Brasil'	;	LOC
'prêmio Engenho de Comunicação'	;	MISC
'Itaú Cultural'	;	MISC
'Bolívia'	;	LOC
'Petrobras'	;	ORG
'Força Nacional'	;	ORG
'Trump'	;	PER
'Washington'	;	LOC
'Casa Branca'	;	LOC
'Gerson de Mello Almada'	;	PER
'Dos'	;	MISC
'Estados Unidos'	;	LOC
'Tillerson'	;	PER
'US$'	;	MISC
'Cresci'	;	PER
'American Institutes for Research'	;	ORG
'Itamaraty'	;	LOC
'Juiz de Fora'	;	LOC
'Brasil'	;	LOC
'inovaBra'	;	ORG
'Conselho'	;	LOC
'Luiz Edson Fachin'	;	PER
'Poder Público'	;	MISC
'Edward Snowden'	;	PER
'R$ 18.042.279	;	MISC
'Residencial Antônio de Carlos Pires'	;	LOC
'Defensoria'	;	MISC
'Boa Vista'	;	LOC
'América Latina'	;	LOC
'Procuradoria'	;	LOC
'Brasil'	;	LOC
'J&F'	;	ORG
'João Alberto'	;	PER
'José Oliveira'	;	PER
'Gilmar'	;	PER
'Catena'	;	PER
'Arena'	;	PER
'Michel Temer'	;	PER
'Kassab'	;	PER
'Princesa Isabel'	;	PER
'Caracas'	;	LOC
'R$'	;	PER
'Segovia'	;	PER
'Lula'	;	PER
'PF'	;	LOC
'Cachoeiro'	;	LOC
'Igreja'	;	ORG
'Alckmin'	;	PER
'Rússia'	;	LOC
'Juan Rocha'	;	PER
'Ordem Dominicana'	;	ORG
'O Aprendiz ?'	;	MISC
'PMDB'	;	ORG
'B-52'	;	MISC
'PDVs'	;	ORG
'Petrobras'	;	ORG
'ex-Presidente'	;	MISC
'Vale'	;	ORG
'Jane Walker'	;	PER
'Paraná'	;	LOC
'País'	;	LOC
'Punggye-ri'	;	LOC
'Fernanda Marinho'	;	PER
'Câmara do DF'	;	ORG
'Pátria'	;	MISC
'Marilia'	;	PER
'Código de Processo Civil'	;	MISC
'EUA'	;	LOC
'Maria José'	;	PER
'Chapecoense'	;	ORG
'PP'	;	ORG
'8ª Turma do TRF-4'	;	MISC
'Vale'	;	ORG
'Trump'	;	LOC
'R$ 15'	;	MISC
'Tony Hall'	;	PER
'PT-DF'	;	LOC
'TSE'	;	ORG
'Hospital'	;	LOC
'Centro'	;	LOC
'Fronteiras do Pensamento'	;	LOC
'Renan'	;	PER
'Subo'	;	LOC
'Guerra Fria'	;	MISC
'Gleisi Hoffmann'	;	PER
'Polícia Militar'	;	LOC
'Coreia'	;	LOC
'Dom Quixote de La Mancha'	;	MISC
'Supremo'	;	LOC
'Suzano'	;	LOC
'Janot'	;	PER
'Facebook'	;	MISC
'Rafaella'	;	PER
'Patricia Prandini'	;	PER
'MEI'	;	ORG
'Pensilvânia'	;	LOC
'Antônio Jorge Goulart'	;	PER
'guerra das Coreias'	;	MISC
'JBS'	;	ORG
'Salvador'	;	LOC
'Barack Obama'	;	PER
'Skip Wilkins'	;	PER
'LGBT'	;	MISC
'Amálgama'	;	MISC
'Isabelle'	;	LOC
'Maurício Barroso'	;	PER
'Fabiano Oliveira'	;	PER
'Secretaria de Administração Penitenciária'	;	ORG
'Leandro Paulsen'	;	PER
'Bauman'	;	PER
'Comando Geral da PM'	;	LOC
'Petrobras'	;	ORG
'Suíça'	;	LOC
'Rio'	;	LOC
'Pâmela'	;	PER
'Antonio Patriota'	;	PER
'Nikki Haley'	;	PER
'Jorge'	;	PER
'Prefeitura'	;	LOC
'Newsweek'	;	MISC
'Lei das Estatais'	;	MISC
'Fiquei'	;	PER
'Ministério Público Federal'	;	MISC
'Igreja Católica'	;	ORG
'PL'	;	PER
'Executivo'	;	ORG
'STF'	;	LOC
'Brasil'	;	LOC
'Karim'	;	PER
'Impressoras 3D'	;	MISC
'Facebook'	;	MISC
'Guta Oriental'	;	LOC
'Lula da Silva'	;	PER
'Roberto Jefferson'	;	PER
'Pouso Alegre'	;	LOC
'Manpower'	;	LOC
'Câmara'	;	LOC
'José Yunes'	;	PER
'Lula'	;	PER
'Correa'	;	PER
'Edson'	;	PER
'SP'	;	LOC
'George Clooney'	;	PER
'PB'	;	ORG
'Basília'	;	MISC
'Estado Democrático de Direito'	;	LOC
'Instituto Lula'	;	ORG
'Chosun Ilbo'	;	MISC
'Rio'	;	LOC
'Estados Unidos'	;	LOC
'Michelle Bachelet'	;	PER
'Acho'	;	PER
'CPFL'	;	MISC
'Gilmar Mendes'	;	PER
'Uber'	;	MISC
'Rosinha'	;	PER
'Ministério de Assuntos Exteriores'	;	LOC
'AGU'	;	ORG
'Eliseu Padilha'	;	LOC
'Michel Temer'	;	PER
'Busuu'	;	MISC
'Reino Unido'	;	LOC
'Quero'	;	PER
'PT'	;	ORG
'Congresso'	;	LOC
'Temer'	;	PER
'PGR'	;	ORG
'Internacional'	;	ORG
'François Fillon'	;	PER
'kWh'	;	MISC
'G1'	;	MISC
'Coreia'	;	LOC
'Helley Abreu Batista'	;	PER
'Trump'	;	PER
'Estados Unidos'	;	LOC
'Rio'	;	LOC
'Distrito Federal'	;	LOC
'Ministério do Planejamento'	;	LOC
'O ‘'	;	MISC
'Kremlin'	;	ORG
'João Paulo'	;	PER
'Eunício Oliveira'	;	PER
'Conferência Episcopal Venezuelana'	;	ORG
'Mulher'	;	LOC
'Tóquio'	;	LOC
'STF'	;	LOC
'Andreza'	;	LOC
'Datafolha'	;	LOC
'Planalto'	;	LOC
'One Nation Underground: The Fallout Shelter in American Culture'	;	MISC
'Otan'	;	ORG
'Luís Cláudio Lula da Silva'	;	PER
'Fidel Castro'	;	PER
'China'	;	LOC
'Arquivo Nacional dos EUA'	;	LOC
'Noruega'	;	LOC
'NHS'	;	ORG
'STF'	;	LOC
'Senado Federal'	;	MISC
'Justiça Federal do Rio'	;	LOC
'Nasa'	;	ORG
'Apple'	;	ORG
'Banco Mundial'	;	ORG
'Ganância'	;	PER
'Chico'	;	PER
'Paulo Freire'	;	PER
'Jhonatan de Jesus'	;	ORG
'Rede Globo'	;	ORG
'Natal'	;	MISC
'País'	;	LOC
'Hafner'	;	PER
'Deus'	;	PER
'Maiara'	;	LOC
'quartel de Pompéu'	;	LOC
'CVM'	;	ORG
'Lago Norte'	;	LOC
'LEIA'	;	MISC
'SD'	;	ORG
'Norte'	;	LOC
'Gordon'	;	PER
'Controle'	;	LOC
'Câmara dos Vereadores'	;	ORG
'Rodrigo Janot'	;	PER
'Lívia da Silva Monteiro'	;	PER
'Peté Como peruano'	;	MISC
'Coreia do Sul'	;	LOC
'Trump'	;	PER
'Battisti'	;	LOC
'EUA'	;	LOC
'Darwiniana'	;	LOC
'GloboNews'	;	MISC
'Kim Jong-un'	;	PER
'Lula'	;	PER
'Araraquara'	;	LOC
'Itaquitinga'	;	LOC
'Shakespeare'	;	PER
'Peço ao Senado'	;	MISC
'Justiça'	;	ORG
'Nessas horas'	;	MISC
'MAM'	;	ORG
'Traywick'	;	PER
'Ana'	;	PER
'Enem'	;	ORG
'Ciro'	;	PER
'José Raimundo Pita Barreto Junior'	;	PER
'Facebook'	;	MISC
'João Paulo Ferreira'	;	PER
'Luiz Carlos Hauly'	;	PER
'Cisco'	;	ORG
'Gorbachev'	;	PER
'Planeta Atlântida'	;	LOC
'Forças Armadas'	;	ORG
'João Doria'	;	PER
'TST'	;	ORG
'Moro'	;	PER
'Marquês de Sapucaí'	;	PER
'R$ 504'	;	MISC
'Trump'	;	PER
'Pew Research'	;	ORG
'Tropkillaz'	;	PER
'Geddel Vieira Lima'	;	PER
'Poe'	;	PER
'Ódio'	;	PER
'Napoleão Maia'	;	PER
'Nova York'	;	LOC
'PSDB'	;	ORG
'Deputados'	;	LOC
'Belo Horizonte'	;	LOC
'TAM'	;	ORG
'G1'	;	MISC
'João Pedro Gebran Neto'	;	PER
'Trump'	;	PER
'Dirceu'	;	PER
'Temer'	;	PER
'Tônia'	;	LOC
'Sarah Murray'	;	PER
'Lula'	;	PER
'África Oriental'	;	LOC
'Relatório'	;	MISC
'batalha de Aleppo'	;	MISC
'País'	;	LOC
'Victor'	;	PER
'John Passimore'	;	PER
'Governo Federal'	;	LOC
'Campo da Esperança'	;	LOC
'Coreia do Norte'	;	LOC
'Estados fracos'	;	MISC
'Lei da Ficha Limpa'	;	MISC
'Donald'	;	PER
'PMDB-RR'	;	ORG
'Roraima'	;	LOC
'Rejane'	;	LOC
'Brasil'	;	LOC
'Denise'	;	PER
'Luciano Huck'	;	PER
'Veles'	;	LOC
'Justiça'	;	PER
'Coreia do Norte'	;	LOC
'Fernando Haddad'	;	PER
'Justiça Federal'	;	LOC
'Vara Federal de Curitiba'	;	LOC
'MAM'	;	ORG
'Fachin'	;	LOC
'Michel'	;	PER
'Trump'	;	PER
'Via Negromonte'	;	PER
'Samir Assad'	;	PER
'AGU'	;	ORG
'PGFN'	;	ORG
'Câmara dos Vereadores'	;	ORG
'Mulheres'	;	MISC
'República da Coreia'	;	LOC
'R$'	;	PER
'Supremo Tribunal Federal'	;	LOC
'Justiça'	;	LOC
'Coreia do Norte'	;	LOC
'Moro'	;	PER
'Moro'	;	PER
'Constituição'	;	ORG
'Catalunha'	;	LOC
'Ministério Público'	;	MISC
'Ministério do Trabalho'	;	LOC
'Goiás'	;	LOC
'Polícia Militar'	;	LOC
'Porto Alegre'	;	LOC
'BMJ Case Reports'	;	MISC
'Justiça'	;	PER
'Silvia Massruhá'	;	PER
'fundação Vitae'	;	ORG
'Guerra Civil'	;	MISC
'Liga'	;	ORG
'ONU'	;	ORG
'Ministério Público Federal'	;	MISC
'Londres'	;	LOC
'Instagram'	;	LOC
'Macaúbas'	;	LOC
'Penitenciária Feminina'	;	MISC
'TSE'	;	ORG
'Iraque'	;	LOC
'Cnen'	;	ORG
'Sue Mi Terry - Ele'	;	MISC
'agência Reuters'	;	ORG
'Moon'	;	PER
'Rede'	;	ORG
'Pyongyang'	;	PER
'Simon LeVay'	;	PER
'Nordeste'	;	LOC
'Coreia do Norte'	;	LOC
'Rodrigo Janot'	;	PER
'Coreia do Norte'	;	LOC
'Roberto Teixeira'	;	PER
'Cambridge'	;	LOC
'Estado'	;	LOC
'FN'	;	ORG
'Ministério Público'	;	LOC
'Cabral'	;	PER
'Assembleia Legislativa'	;	LOC
'Tollison'	;	PER
'Heraldo Almeida Araújo'	;	PER
'Rex Tillerson'	;	PER
'Moscou'	;	LOC
'Sérgio Moro'	;	PER
'Projeto Manhattan'	;	MISC
'PSDB'	;	ORG
'Sérgio Moro'	;	PER
'STF'	;	LOC
'PSDB-MG'	;	ORG
'Xi'	;	LOC
'Polícia'	;	LOC
'Estados'	;	LOC
'EUA'	;	LOC
'Relações'	;	LOC
'Reino de \n'	;	LOC
'Feeney'	;	PER
'Lúcio Funaro'	;	PER
'Dersa'	;	LOC
'Lava Jato'	;	PER
'EUA'	;	LOC
'Rússia'	;	LOC
'Cidade Alerta'	;	LOC
'Bolsa Família'	;	ORG
'EUA'	;	LOC
'Arquidiocese do Rio'	;	LOC
'China'	;	LOC
'Políticas Públicas do Greenpeace Brasil'	;	LOC
'São Paulo'	;	LOC
'Natal'	;	MISC
'Folha o ministro'	;	MISC
'Paraná'	;	LOC
'Sérgio Moro'	;	PER
'Shinzo Abe'	;	PER
'Coreia do Norte'	;	LOC
'TSE'	;	ORG
'TV Record'	;	ORG
'Instituto Lula'	;	ORG
'Google'	;	ORG
'BBB18'	;	MISC
'PT'	;	ORG
'Quero'	;	PER
'Coreia do Norte'	;	LOC
'Presidência da República'	;	MISC
'TRF-4'	;	MISC
'TNP'	;	ORG
'Corinthians'	;	ORG
'Conselho de Segurança'	;	ORG
'Lunaar'	;	MISC
'Secretaria-Geral'	;	PER
'Lula'	;	PER
'PGR'	;	ORG
'STF'	;	LOC
'Distrito Federal'	;	LOC
'EUA'	;	LOC
'Câmara'	;	ORG
'Nathalia'	;	LOC
'Procuradoria Geral da República'	;	ORG
'Coreia do Norte'	;	LOC
'Kim Kwang-jin'	;	PER
'Estados Unidos'	;	LOC
'SIGA'	;	MISC
'Luís Cláudio'	;	PER
'Constituição'	;	ORG
'PF'	;	PER
'Temer'	;	PER
'Lee So'	;	PER
'Trump'	;	PER
'LIGA'	;	ORG
'Trump'	;	PER
'Perception and Misperception'	;	MISC
'Donald Trump'	;	PER
'Centro Mundial de Prognósticos do The Weather Company'	;	ORG
'Sindicato dos'	;	ORG
'Donald Trump'	;	PER
'Lúcio Vieira Lima'	;	PER
'Orixá'	;	MISC
'Superior Tribunal de \n'	;	LOC
'Carne Fraca'	;	LOC
'Pessoa'	;	PER
'Washington'	;	LOC
'Lava Jato'	;	PER
'Orlando'	;	ORG
'EUA'	;	LOC
'EUA'	;	LOC
'G1'	;	MISC
'Andreucci Neto'	;	PER
'Europa'	;	LOC
'Sibéria'	;	LOC
'Lucas Veloso'	;	PER
'Operação Carne Fraca'	;	ORG
'Pyongyang'	;	PER
'Temer'	;	PER
'Ipea'	;	MISC
'Ministério Público Federal'	;	MISC
'Roraima'	;	LOC
'Luiz Inácio Lula da Silva'	;	PER
'Lula'	;	PER
'Wilno'	;	PER
'G1'	;	MISC
'Seul'	;	LOC
'G1'	;	MISC
'Broadcast'	;	ORG
'União Soviética'	;	ORG
'Assista'	;	PER
'RPDC'	;	ORG
'CTBTO'	;	ORG
'China'	;	LOC
'Câmara dos'	;	LOC
'G1'	;	MISC
'Palácio do Jaburu'	;	LOC
'Estado do Rio de Janeiro'	;	LOC
'Zona Sul do Rio'	;	LOC
'Samu'	;	ORG
'Pukguksong-2'	;	MISC
'EUA'	;	LOC
'Congresso'	;	LOC
'Jogos'	;	MISC
'Rússia'	;	LOC
'Constituição de 1988'	;	ORG
'Pyongyang'	;	LOC
'Luiz Fernando Rodrigues'	;	PER
'Sensação'	;	MISC
'Igreja'	;	ORG
'José Sérgio Gabrielli'	;	PER
'EDUFBA'	;	ORG
'Janot'	;	PER
'Velho Barreiro'	;	LOC
'EUA'	;	LOC
'Estado'	;	LOC
'Temer'	;	PER
'EUA'	;	LOC
'Coreia do Norte'	;	LOC
'Japão'	;	LOC
'Estados Unidos'	;	LOC
'Trump'	;	PER
'Justiça'	;	PER
'Na Hora do Lanche | Dia das'	;	MISC
'Vaticano'	;	LOC
'Michelle'	;	PER
'Chave da Cidade'	;	MISC
'Ministério Público'	;	MISC
'Marrocos'	;	LOC
'Belo Horizonte'	;	LOC
'Dia do Sol'	;	MISC
'Vale'	;	LOC
'LGBT'	;	MISC
'G1'	;	MISC
'Corte'	;	LOC
'Coreia do Norte'	;	LOC
'TSE'	;	ORG
'Adriel Montenegro'	;	PER
'PF'	;	PER
'Moro'	;	PER
'Nísia Floresta'	;	PER
'Brasil'	;	LOC
'Ministério da Saúde'	;	LOC
'YES'	;	ORG
'Goiás'	;	LOC
'Brasil'	;	LOC
'G1'	;	MISC
'Amazonino Mendes'	;	PER
'Grande Fortaleza'	;	LOC
'Silva'	;	PER
'CIA'	;	ORG
'Victor Leonardo'	;	PER
'STF'	;	LOC
'Foz'	;	LOC
'Malásia'	;	LOC
'Michel Temer'	;	PER
'Olinda'	;	LOC
'Arábia Saudita'	;	LOC
'PMs'	;	MISC
'Objetiva'	;	ORG
'Alexandra'	;	PER
'Justiça'	;	PER
'Luís Roberto Barroso'	;	PER
'Brasil'	;	LOC
'Abrace'	;	LOC
'G1'	;	MISC
'Teresa'	;	PER
'Instituto Lula'	;	ORG
'Age'	;	PER
'Recomeçar'	;	LOC
'Instituto Lula'	;	ORG
'Zona'	;	LOC
'Berlanza'	;	LOC
'Ulchi Freedom Guardian'	;	MISC
'Paulo Silvino'	;	PER
'Brasil'	;	LOC
'Maria'	;	PER
'Brookfield'	;	ORG
'Lula'	;	PER
'Barcelona'	;	LOC
'Priscilla de Sá'	;	PER
'Uberlândia'	;	LOC
'3º Batalhão da Polícia Militar'	;	LOC
'Brasil'	;	LOC
'Promotoria de Defesa Patrimônio Público'	;	MISC
'Vandal de Verdade'	;	LOC
'Austrália'	;	LOC
'Bruna'	;	MISC
'Justiça'	;	LOC
'Rio'	;	LOC
'Júlio Sérgio Lopes'	;	PER
'G1'	;	MISC
'São Paulo'	;	LOC
'Poliana Bagatini Chaves'	;	PER
'J&F.'	;	MISC
'Rio de Janeiro'	;	LOC
'Pitanga'	;	PER
'Vitória'	;	LOC
'Nature'	;	MISC
'Estados Unidos'	;	LOC
'Minas'	;	LOC
'Dolores'	;	PER
'Helen'	;	PER
'Cleiton Schenkel'	;	LOC
'Facebook'	;	MISC
'Ministério do Trabalho'	;	MISC
'Estrada Lagoa-Barra'	;	MISC
'Obama'	;	PER
'Tia'	;	MISC
'EUA'	;	LOC
'Meirelles'	;	PER
'Lava Jato'	;	PER
'Anac'	;	LOC
'Brasil'	;	LOC
'Colmeia'	;	LOC
'Kanye West'	;	PER
'Saúde'	;	LOC
'Seul'	;	LOC
'Trump'	;	PER
'Brasil'	;	LOC
'Europa'	;	LOC
'DNIT'	;	PER
'Brigada do Exército'	;	LOC
'Gleisi'	;	LOC
'Coreia'	;	LOC
'zona Oeste'	;	LOC
'Xi'	;	MISC
'R$'	;	PER
'Coreia do Norte'	;	LOC
'Brasil'	;	LOC
'Mantive'	;	MISC
'Síria'	;	LOC
'Justiça'	;	ORG
'Estados Unidos'	;	LOC
'Supremo'	;	LOC
'Yulia'	;	PER
'RS'	;	LOC
'Mark Zuckerberg'	;	PER
'Ministério'	;	MISC
'Cabral'	;	PER
'Rio Preto'	;	LOC
'Breno'	;	PER
'MPT'	;	ORG
'Cecil Thiré'	;	PER
'Luisa Ortega'	;	PER
'Michel Temer'	;	PER
'Correios do estado estarão'	;	LOC
'Carita de Ángel'	;	PER
'Reddit'	;	MISC
'Esplanada'	;	LOC
'Ronaldo Nogueira'	;	PER
'Dudu'	;	PER
'Fabio Giambiagi'	;	PER
'Justiça Eleitoral'	;	ORG
'Ministério Público do Estado'	;	LOC
'Denúncias'	;	PER
'Tobé'	;	ORG
'Layla Coelho Cassimiro'	;	PER
'Jéssica'	;	LOC
'Senado'	;	MISC
'DDM'	;	ORG
'Machado'	;	PER
'Silval'	;	MISC
'PSB'	;	ORG
'Joesley Batista'	;	PER
'Pará'	;	LOC
'R$'	;	PER
'Coreia do Norte'	;	LOC
'Polícia Federal'	;	LOC
'G1 Acre'	;	LOC
'Dilma Rousseff'	;	PER
'Caminhada da Paz'	;	ORG
'G1'	;	MISC
'África do Sul'	;	LOC
'Supremo Tribunal'	;	LOC
'Congresso Nacional'	;	LOC
'SUV'	;	ORG
'PT'	;	ORG
'Rio'	;	LOC
'instituto Datafolha'	;	LOC
'G1'	;	MISC
'Venezuela'	;	LOC

